mutation,observed_single_brightness_mean,observed_single_brightness_max,observed_single_brightness_min,n_observations,ridge_coefficient,delta_vs_avGFP_WT_pred
K157G,4.113575795,4.113575795,4.113575795,1,0.19145798975919529,0.42613056726811527
S174T,4.007974986,4.007974986,4.007974986,1,-0.37002464458698253,0.32052975826811503
R72L,3.992321226,3.992321226,3.992321226,1,-0.01387747734859471,0.3048759982681153
K157V,3.956338757,3.956338757,3.956338757,1,0.20092213140722695,0.2688935292681154
N143G,3.906552604,3.906552604,3.906552604,1,-0.15768730130507272,0.21910737626811505
P74H,3.894924263,3.894924263,3.894924263,1,-0.2428073616458506,0.20747903526811529
L177V,3.8886016,3.8886016,3.8886016,1,-0.0906395736755276,0.2011563722681151
D18E,3.873968258,3.873968258,3.873968258,1,0.0471360150549558,0.18652303026811534
A109S,3.872970197,3.872970197,3.872970197,1,-0.1445327147787238,0.18552496926811513
Y38N,3.862983147,3.862983147,3.862983147,1,0.1188187604594347,0.17553791926811524
A205V,3.855894392,3.855894392,3.855894392,1,0.151999488103145,0.1684491642681154
S29C,3.854595952,3.854595952,3.854595952,1,-0.01910829461818929,0.16715072426811517
Y38S,3.850086412,3.850086412,3.850086412,1,0.05057815190453803,0.16264118426811525
H230Y,3.837582566,3.837582566,3.837582566,1,0.13678711848376096,0.15013733826811526
E110Q,3.836577271,3.836577271,3.836577271,1,0.3704839802621913,0.14913204326811513
G188C,3.83452065,3.83452065,3.83452065,1,-0.048619680343307936,0.1470754222681152
I127L,3.834304196,3.834304196,3.834304196,1,-0.0969344520552248,0.1468589682681154
T202I,3.833949379,3.833949379,3.833949379,1,0.018193090643329326,0.1465041512681151
V162A,3.833021115,3.833021115,3.833021115,1,0.21429314307622188,0.14557588726811543
N163T,3.829603069,3.829603069,3.829603069,1,-0.2933243500195066,0.14215784126811526
L43M,3.828661148,3.828661148,3.828661148,1,0.07694220355322838,0.14121592026811536
L41M,3.826631301,3.826631301,3.826631301,1,0.17351682227903895,0.13918607326811516
D233Y,3.826377887,3.826377887,3.826377887,1,-0.13884175104549348,0.13893265926811527
G190V,3.823193545,3.823193545,3.823193545,1,-0.27874325727390725,0.13574831726811531
N104Y,3.821768733,3.821768733,3.821768733,1,0.18365370190701383,0.1343235052681151
N104H,3.82079079,3.82079079,3.82079079,1,0.25638066743233573,0.13334556226811545
A205T,3.819684082,3.819684082,3.819684082,1,0.11286227747694201,0.13223885426811544
L136M,3.818969777,3.818969777,3.818969777,1,0.08843274425522449,0.1315245492681152
G3A,3.818887547,3.818887547,3.818887547,1,-0.2546413245755309,0.13144231926811534
N104C,3.817294137,3.817294137,3.817294137,1,0.28882993334908313,0.12984890926811543
D116N,3.814518065,3.814518065,3.814518065,1,0.06219700273316644,0.12707283726811536
N104I,3.813327941,3.813327941,3.813327941,1,0.20060866317822684,0.12588271326811507
L177I,3.812832429,3.812832429,3.812832429,1,0.1478006738429556,0.12538720126811542
H24Q,3.811639006,3.811639006,3.811639006,1,-0.03182842370419404,0.12419377826811528
I127A,3.809635662,3.809635662,3.809635662,1,0.2169466806652219,0.12219043426811504
Y236N,3.809467936,3.809467936,3.809467936,1,0.10857378851336981,0.12202270826811512
T42S,3.805820083,3.805820083,3.805820083,1,0.15512183893437267,0.1183748552681152
V149I,3.805781194,3.805781194,3.805781194,1,-0.07373656254861924,0.11833596626811538
P74T,3.805104333,3.805104333,3.805104333,1,-0.19261361471269742,0.1176591052681153
D128G,3.804269955,3.804269955,3.804269955,1,0.11569762596435301,0.11682472726811532
Y144L,3.803737541,3.803737541,3.803737541,1,0.07147740141997298,0.11629231326811507
V162E,3.802318964,3.802318964,3.802318964,1,-0.1724718202516618,0.11487373626811515
R167H,3.800356721,3.800356721,3.800356721,1,0.07824305239280128,0.11291149326811523
G231A,3.79941499,3.79941499,3.79941499,1,0.12327776619950677,0.11196976226811506
I170S,3.798035418,3.798035418,3.798035418,1,-0.046627624916108085,0.11059019026811523
R167G,3.797531191,3.797531191,3.797531191,1,-0.09252266353938324,0.11008596326811526
L220V,3.793346556,3.793346556,3.793346556,1,0.21898770616522753,0.10590132826811516
Q203H,3.793120307,3.793120307,3.793120307,1,0.02533360360809185,0.10567507926811537
V223L,3.787350902,3.787350902,3.787350902,1,-0.07127276529611601,0.09990567426811525
G231V,3.786689519,3.786689519,3.786689519,1,-0.03827426652246525,0.09924429126811507
K125N,3.785910959,3.785910959,3.785910959,1,-0.254018568860442,0.09846573126811542
Y105F,3.785738389,3.785738389,3.785738389,1,0.0029481970413838526,0.09829316126811527
V92F,3.785652086,3.785652086,3.785652086,1,0.0545652762555531,0.09820685826811504
E5R,3.785387322,3.785387322,3.785387322,1,,0.09794209426811529
H230P,3.785116372,3.785116372,3.785116372,1,-0.08364634306369466,0.0976711442681153
I160V,3.782593018,3.782593018,3.782593018,1,-0.009109941619324822,0.09514779026811526
M232R,3.78139022,3.78139022,3.78139022,1,0.21457532101683777,0.09394499226811526
F164C,3.780818995,3.780818995,3.780818995,1,-0.2221245640727241,0.09337376726811542
M232I,3.780451565,3.780451565,3.780451565,1,0.03940683214196034,0.09300633726811514
K165M,3.78015119,3.78015119,3.78015119,1,0.0976103932329792,0.09270596226811545
L6R,3.779372345,3.779372345,3.779372345,1,-0.13170699604842387,0.09192711726811531
V218I,3.777512004,3.777512004,3.777512004,1,0.032271847917332265,0.09006677626811532
K161T,3.775974326,3.775974326,3.775974326,1,-0.035159742719995196,0.08852909826811528
I228M,3.774339498,3.774339498,3.774339498,1,-0.34142686347415396,0.08689427026811503
D18H,3.774188661,3.774188661,3.774188661,1,0.234572852354362,0.0867434332681154
I170T,3.773534174,3.773534174,3.773534174,1,0.0733354069197658,0.08608894626811514
I46V,3.771421774,3.771421774,3.771421774,1,0.0580662082247259,0.08397654626811502
N197D,3.771175493,3.771175493,3.771175493,1,0.06299738997197858,0.08373026526811511
I187L,3.770473465,3.770473465,3.770473465,1,0.04353570032801924,0.08302823726811503
Y38C,3.769936271,3.769936271,3.769936271,1,0.11933368354827982,0.0824910432681154
S29T,3.769841598,3.769841598,3.769841598,1,0.14517217534191526,0.08239637026811542
T224S,3.769816142,3.769816142,3.769816142,1,-0.021208575137462216,0.08237091426811505
K100Q,3.769717263,3.769717263,3.769717263,1,0.023814232264587336,0.08227203526811522
N145T,3.769605027,3.769605027,3.769605027,1,-0.19404720789292698,0.08215979926811512
T61S,3.769562074,3.769562074,3.769562074,1,0.13879468319567337,0.08211684626811522
Q176L,3.768191779,3.768191779,3.768191779,1,0.07346964709334583,0.08074655126811514
S201T,3.768189575,3.768189575,3.768189575,1,0.010949687465505245,0.0807443472681153
K157E,3.76801822,3.76801822,3.76801822,1,-0.042454958539018546,0.08057299226811532
T62S,3.767583242,3.767583242,3.767583242,1,-0.0071161623069251586,0.0801380142681154
N211T,3.765954352,3.765954352,3.765954352,1,0.040444677355415175,0.0785091242681153
V67M,3.765806252,3.765806252,3.765806252,1,0.17230565046877216,0.0783610242681152
H80Y,3.765772386,3.765772386,3.765772386,1,-0.05411164465668389,0.07832715826811532
I170L,3.765657856,3.765657856,3.765657856,1,0.20307564096058128,0.07821262826811504
I187V,3.765381767,3.765381767,3.765381767,1,-0.2191317731666471,0.07793653926811528
F83Y,3.763948506,3.763948506,3.763948506,1,-0.051520920016852816,0.07650327826811543
Y38H,3.763789585,3.763789585,3.763789585,1,0.0714688432669586,0.07634435726811528
T61A,3.762997188,3.762997188,3.762997188,1,-0.047169480823757194,0.07555196026811517
I127F,3.76296241,3.76296241,3.76296241,1,0.0337256250330276,0.07551718226811532
I127T,3.762270594,3.762270594,3.762270594,1,0.0977667580675462,0.07482536626811509
T61P,3.761821375,3.761821375,3.761821375,1,-0.09867304723072333,0.07437614726811503
E4R,3.761089352,3.761089352,3.761089352,1,0.31293914171783793,0.07364412426811517
H80L,3.760298544,3.760298544,3.760298544,1,-0.06167072697229127,0.07285331626811509
I187A,3.759550786,3.759550786,3.759550786,1,-0.5204742278060651,0.07210555826811538
N197S,3.759411124,3.759411124,3.759411124,1,0.010519785683171447,0.07196589626811534
G227R,3.758576621,3.758576621,3.758576621,1,-0.20799321671264767,0.07113139326811524
K157R,3.758393373,3.758393373,3.758393373,1,0.10491547753154717,0.07094814526811533
D196A,3.757887387,3.757887387,3.757887387,1,0.11925561604745134,0.07044215926811503
R72C,3.757603099,3.757603099,3.757603099,1,-0.1628793768862039,0.07015787126811501
D18N,3.756369698,3.756369698,3.756369698,1,0.15064083863697394,0.0689244702681151
T107S,3.756025625,3.756025625,3.756025625,1,-0.12957945955794456,0.06858039726811516
S201C,3.755905722,3.755905722,3.755905722,1,0.11295431072630453,0.06846049426811529
L235P,3.755707267,3.755707267,3.755707267,1,0.02453906245608255,0.06826203926811525
K213E,3.754875582,3.754875582,3.754875582,1,0.040954331233179826,0.06743035426811517
P88L,3.754849463,3.754849463,3.754849463,1,-0.38527015038283874,0.06740423526811545
N169T,3.754627002,3.754627002,3.754627002,1,-0.01384115341653034,0.06718177426811511
Y236D,3.754100803,3.754100803,3.754100803,1,-0.08209561868025286,0.06665557526811527
E110V,3.75375353,3.75375353,3.75375353,1,0.06971822745916995,0.06630830226811524
L194M,3.75345043,3.75345043,3.75345043,1,-0.04354535816417648,0.06600520226811524
M152I,3.752664743,3.752664743,3.752664743,1,-0.048884072201841905,0.0652195152681152
T37N,3.752504981,3.752504981,3.752504981,1,-0.13887389419131377,0.0650597532681152
S29Y,3.752407924,3.752407924,3.752407924,1,0.05592532775118856,0.06496269626811513
D116A,3.752327721,3.752327721,3.752327721,1,0.001402993005651376,0.06488249326811513
V192G,3.752294553,3.752294553,3.752294553,1,-0.09536143471144862,0.06484932526811527
S174G,3.752042748,3.752042748,3.752042748,1,0.10864129611670686,0.06459752026811527
G231D,3.751779691,3.751779691,3.751779691,1,0.2542083437453859,0.0643344632681151
I127M,3.751754178,3.751754178,3.751754178,1,0.2944866702677384,0.06430895026811534
L14V,3.751512721,3.751512721,3.751512721,1,0.014538362291409602,0.06406749326811534
T96I,3.751242491,3.751242491,3.751242491,1,-0.021916265287775686,0.06379726326811541
G133C,3.7510042,3.7510042,3.7510042,1,-0.6982259739506176,0.06355897226811535
R167C,3.750809583,3.750809583,3.750809583,1,0.04832664922219738,0.06336435526811535
K2Q,3.750486786,3.750486786,3.750486786,1,-0.0256540754973212,0.06304155826811542
E141D,3.750467,3.750467,3.750467,1,0.16331415424548004,0.06302177226811523
K165Q,3.750218324,3.750218324,3.750218324,1,0.17933661975944093,0.06277309626811522
T58S,3.749956968,3.749956968,3.749956968,1,0.05240955423270854,0.06251174026811501
G231C,3.749814973,3.749814973,3.749814973,1,0.008716003183562252,0.06236974526811512
F45Y,3.749717336,3.749717336,3.749717336,1,-0.13177186440611754,0.06227210826811502
L14R,3.748978622,3.748978622,3.748978622,1,0.031117169610167243,0.06153339426811533
L177F,3.748753736,3.748753736,3.748753736,1,-0.052060313304299846,0.06130850826811507
S71C,3.748141836,3.748141836,3.748141836,1,0.048112571167004285,0.06069660826811507
L220Q,3.747805979,3.747805979,3.747805979,1,0.0774158810872451,0.06036075126811502
Y236C,3.747427561,3.747427561,3.747427561,1,0.01920343649719086,0.059982333268115084
D102E,3.747132961,3.747132961,3.747132961,1,-0.2774434869681687,0.059687733268115384
I170N,3.746906834,3.746906834,3.746906834,1,0.030397959660714163,0.05946160626811503
E16K,3.746459271,3.746459271,3.746459271,1,0.013362192568717998,0.05901404326811521
M232A,3.745970679,3.745970679,3.745970679,1,0.014679291625024396,0.05852545126811526
E31K,3.74500077,3.74500077,3.74500077,1,0.07719159963257523,0.0575555422681151
K44T,3.744987648,3.744987648,3.744987648,1,-0.3305254405611666,0.05754242026811518
D116G,3.744984552,3.744984552,3.744984552,1,0.04484154097709592,0.057539324268115255
D154A,3.744700795,3.744700795,3.744700795,1,0.021956170159883305,0.057255567268115204
Q183R,3.744688098,3.744688098,3.744688098,1,0.1129161757111331,0.057242870268115364
Q79R,3.744429292,3.744429292,3.744429292,1,0.011152498401017221,0.0569840642681152
E94Q,3.744104119,3.744104119,3.744104119,1,-0.4295987249354017,0.05665889126811541
D154N,3.743788594,3.743788594,3.743788594,1,-0.1037516696230941,0.056343366268115425
M152V,3.743188429,3.743188429,3.743188429,1,0.038526370493829135,0.05574320126811516
D179E,3.743010199,3.743010199,3.743010199,1,0.2385070363824217,0.055564971268115215
N197H,3.742628248,3.742628248,3.742628248,1,0.036863353892542965,0.05518302026811517
F98C,3.741886891,3.741886891,3.741886891,1,-0.015128232224407024,0.05444166326811528
F222Y,3.741534292,3.741534292,3.741534292,1,0.18975101474602285,0.054089064268115106
K165E,3.741069399,3.741069399,3.741069399,1,0.04837024625865796,0.05362417126811536
V175M,3.741027467,3.741027467,3.741027467,1,-0.07215908402484625,0.05358223926811512
S174C,3.741007126,3.741007126,3.741007126,1,-0.06469806506905039,0.05356189826811519
A86S,3.740519939,3.740519939,3.740519939,1,-0.00853353491622389,0.05307471126811514
L235Q,3.740320174,3.740320174,3.740320174,1,-0.003681532055049801,0.052874946268115064
I127V,3.740030585,3.740030585,3.740030585,1,0.03461402911663616,0.052585357268115196
A153T,3.73981052,3.73981052,3.73981052,1,0.19695906928352414,0.05236529226811504
K165R,3.739763174,3.739763174,3.739763174,1,0.06020266549761416,0.05231794626811537
N120S,3.73943884,3.73943884,3.73943884,1,-0.018155712819069133,0.051993612268115275
N169D,3.738993621,3.738993621,3.738993621,1,-0.021913671743896176,0.05154839326811533
Y199F,3.737682409,3.737682409,3.737682409,1,-0.025348538948290873,0.05023718126811527
E5K,3.737024753,3.737024753,3.737024753,1,-0.11165450165445155,0.049579525268115265
T229S,3.735574167,3.735574167,3.735574167,1,0.01372970114271256,0.04812893926811501
S27R,3.735161794,3.735161794,3.735161794,1,0.12301621348662947,0.04771656626811538
S29A,3.735126654,3.735126654,3.735126654,1,0.12170887830795052,0.047681426268115334
F98S,3.734659311,3.734659311,3.734659311,1,-0.024005158154008725,0.04721408326811538
S71G,3.73461549,3.73461549,3.73461549,1,0.0109093110349767,0.04717026226811516
E114V,3.734507937,3.734507937,3.734507937,1,0.043270487868289825,0.04706270926811529
H230Q,3.734298304,3.734298304,3.734298304,1,-0.10726878211072227,0.04685307626811541
E123V,3.734019012,3.734019012,3.734019012,1,0.11059841457615394,0.046573784268115315
N158K,3.733625444,3.733625444,3.733625444,1,-0.049831938726462306,0.04618021626811508
I170V,3.733281768,3.733281768,3.733281768,1,0.19525853943885638,0.04583654026811512
S204T,3.732865802,3.732865802,3.732865802,1,0.1554448202277739,0.0454205742681153
K165T,3.732822426,3.732822426,3.732822426,1,0.12316422283485047,0.04537719826811504
K25Q,3.732749169,3.732749169,3.732749169,1,-0.04614655371554962,0.0453039412681151
S27T,3.732744657,3.732744657,3.732744657,1,-0.28155477928313877,0.045299429268115254
K2R,3.732631857,3.732631857,3.732631857,1,0.0008218545199161354,0.04518662926811512
K125Q,3.73252232,3.73252232,3.73252232,1,-0.03064070554704846,0.045077092268115404
P186S,3.7323655,3.7323655,3.7323655,1,-0.31645367172629896,0.044920272268115014
S27C,3.732327521,3.732327521,3.732327521,1,-0.07573768335727674,0.044882293268115436
P186T,3.731866234,3.731866234,3.731866234,1,-0.07884641129635736,0.04442100626811518
K155R,3.731767878,3.731767878,3.731767878,1,0.06191889513621856,0.044322650268115105
S174R,3.731734113,3.731734113,3.731734113,1,-0.1403805517887534,0.04428888526811514
Y38F,3.731583902,3.731583902,3.731583902,1,-0.006861735603592564,0.04413867426811535
G3S,3.731532829,3.731532829,3.731532829,1,-0.06543255996008146,0.04408760126811506
K139R,3.731466945,3.731466945,3.731466945,1,-0.007913019623559952,0.044021717268115435
M232T,3.731301806,3.731301806,3.731301806,1,0.035387019211853464,0.043856578268115065
L14Q,3.731185584,3.731185584,3.731185584,1,0.05007999953030605,0.04374035626811512
A226P,3.731162002,3.731162002,3.731162002,1,0.012604911294494483,0.043716774268115266
K157N,3.73106315,3.73106315,3.73106315,1,0.12361018961859103,0.04361792226811545
H230N,3.730216742,3.730216742,3.730216742,1,-0.19086697995581925,0.04277151426811532
D172G,3.72910202,3.72910202,3.72910202,1,-0.017033731865952872,0.04165679226811525
K161N,3.728848728,3.728848728,3.728848728,1,-0.04720434467489938,0.041403500268115234
N104S,3.728560983,3.728560983,3.728560983,1,0.05210481639599173,0.04111575526811517
T42I,3.728152506,3.728152506,3.728152506,1,-0.035369736397930555,0.040707278268115044
K78R,3.7280926,3.7280926,3.7280926,1,-0.0005180725378661844,0.04064737226811532
A226T,3.727954019,3.727954019,3.727954019,1,0.023527732718470477,0.04050879126811502
K106Q,3.727628605,3.727628605,3.727628605,1,0.17254394591722197,0.04018337726811527
E31V,3.727572211,3.727572211,3.727572211,1,0.10547463730281227,0.04012698326811526
Q79H,3.72722296,3.72722296,3.72722296,1,0.1269876836302508,0.03977773226811543
V15I,3.726683772,3.726683772,3.726683772,1,0.002256844814053815,0.03923854426811513
K165N,3.725895216,3.725895216,3.725895216,1,-0.15902563238188264,0.0384499882681153
F7H,3.725579262,3.725579262,3.725579262,1,-0.06973371853308097,0.03813403426811535
N158D,3.725418552,3.725418552,3.725418552,1,-0.12619578836335688,0.03797332426811506
K157M,3.725149616,3.725149616,3.725149616,1,-0.01832702930971706,0.037704388268115174
N145H,3.725029389,3.725029389,3.725029389,1,-0.10509307154496489,0.037584161268115146
D128Y,3.724826615,3.724826615,3.724826615,1,-0.04348826884152063,0.03738138726811524
H76Y,3.724416215,3.724416215,3.724416215,1,-0.09622367701283308,0.03697098726811543
D75V,3.724357399,3.724357399,3.724357399,1,-0.06417428778733045,0.0369121712681153
E5G,3.723927517,3.723927517,3.723927517,1,0.007990116856017066,0.03648228926811514
L193R,3.723553852,3.723553852,3.723553852,1,-0.008714738381100045,0.03610862426811545
N163D,3.72326422,3.72326422,3.72326422,1,-0.07897462295819938,0.035818992268115135
T42A,3.723204048,3.723204048,3.723204048,1,0.07825276990329635,0.035758820268115166
E123K,3.723179554,3.723179554,3.723179554,1,0.0827284014647608,0.035734326268115346
T37A,3.722780396,3.722780396,3.722780396,1,0.04665978442693443,0.035335168268115336
V175G,3.722138495,3.722138495,3.722138495,1,-0.1946561820021264,0.03469326726811506
M232V,3.722113846,3.722113846,3.722113846,1,0.026417037489420994,0.03466861826811529
D189V,3.721377099,3.721377099,3.721377099,1,-0.024276399990589982,0.033931871268115366
N211D,3.721068001,3.721068001,3.721068001,1,0.06452737348258346,0.033622773268115136
K213R,3.721050653,3.721050653,3.721050653,1,0.004703179604877985,0.03360542526811505
S146N,3.720951398,3.720951398,3.720951398,1,-0.11272550215455379,0.0335061702681152
Y181F,3.720631044,3.720631044,3.720631044,1,0.08005267356132256,0.03318581626811534
H230R,3.720457265,3.720457265,3.720457265,1,0.020627330112892018,0.03301203726811508
D179N,3.719334201,3.719334201,3.719334201,1,-0.02583687015516997,0.03188897326811535
H147N,3.719249193,3.719249193,3.719249193,1,-0.16334505306940142,0.03180396526811524
H76N,3.71903816,3.71903816,3.71903816,1,0.04967719283558804,0.03159293226811544
T229P,3.718178592,3.718178592,3.718178592,1,0.057290589022652,0.03073336426811535
N163Y,3.71817107,3.71817107,3.71817107,1,0.0454435846399316,0.030725842268115144
T37S,3.717799128,3.717799128,3.717799128,1,0.01314904496795963,0.03035390026811502
D196G,3.71760282,3.71760282,3.71760282,1,0.06191625202301968,0.03015759226811543
N143T,3.717530592,3.717530592,3.717530592,1,-0.005064746816485824,0.030085364268115367
E171G,3.717211259,3.717211259,3.717211259,1,0.03551133217723513,0.029766031268115167
I127S,3.716974494,3.716974494,3.716974494,1,0.027392644738565893,0.02952926626811525
S201N,3.71635211,3.71635211,3.71635211,1,-0.1550147965960187,0.02890688226811511
N169I,3.716289158,3.716289158,3.716289158,1,-0.021888416062449047,0.02884393026811516
V92I,3.716277051,3.716277051,3.716277051,1,0.15580294482165963,0.028831823268115286
T229A,3.716070082,3.716070082,3.716070082,1,0.054524355104174374,0.02862485426811512
K112R,3.715938443,3.715938443,3.715938443,1,-0.010793149366276142,0.028493215268115435
D35H,3.715646583,3.715646583,3.715646583,1,0.03511047878687583,0.02820135526811507
V192M,3.71560924,3.71560924,3.71560924,1,-0.2032766039517188,0.028164012268115268
I166V,3.715520163,3.715520163,3.715520163,1,0.05062428153971896,0.02807493526811511
S146R,3.715510058,3.715510058,3.715510058,1,0.013275471002067609,0.028064830268115237
K161M,3.715410198,3.715410198,3.715410198,1,-0.11861760391822088,0.027964970268115064
N163G,3.715381868,3.715381868,3.715381868,1,0.15216052934834606,0.027936640268115376
M87L,3.715346956,3.715346956,3.715346956,1,-0.14922232833895446,0.0279017282681151
Y236H,3.715139718,3.715139718,3.715139718,1,0.032230150924315026,0.027694490268115324
P191L,3.715012279,3.715012279,3.715012279,1,-0.06343085771264757,0.027567051268115428
Q203L,3.714981124,3.714981124,3.714981124,1,0.008518369116059958,0.027535896268115145
Y236F,3.714767551,3.714767551,3.714767551,1,0.010835481042230375,0.027322323268115234
D196N,3.714334492,3.714334492,3.714334492,1,-0.04516490976715951,0.02688926426811511
G190C,3.714162987,3.714162987,3.714162987,1,0.0016258059195010405,0.02671775926811515
H24R,3.714126567,3.714126567,3.714126567,1,0.04756084990418143,0.026681339268115334
K106R,3.714024654,3.714024654,3.714024654,1,-0.020495489715792074,0.02657942626811538
K100E,3.712811184,3.712811184,3.712811184,1,0.023107231967886638,0.02536595626811522
I166S,3.712789413,3.712789413,3.712789413,1,-0.1954774156812002,0.025344185268115105
T8A,3.712748347,3.712748347,3.712748347,1,0.02934594393657198,0.025303119268115015
K112G,3.712683353,3.712683353,3.712683353,1,0.059678626581416844,0.025238125268115308
K130R,3.712193454,3.712193454,3.712193454,1,0.004129859795998914,0.024748226268115125
E234G,3.711505963,3.711505963,3.711505963,1,-0.03228955525731381,0.024060735268115252
G190S,3.711098479,3.711098479,3.711098479,1,-0.041735522552110514,0.023653251268115127
L220R,3.710983372,3.710983372,3.710983372,1,0.054111383715385215,0.02353814426811507
N184I,3.710861727,3.710861727,3.710861727,1,-0.2556892808677446,0.0234164992681154
A86T,3.710716981,3.710716981,3.710716981,1,0.13146056290758198,0.02327175326811526
D18V,3.709610162,3.709610162,3.709610162,1,0.13125132773103812,0.022164934268115388
E5V,3.709608577,3.709608577,3.709608577,1,0.015495253629229272,0.02216334926811525
Y181H,3.709539676,3.709539676,3.709539676,1,-0.02723105957432146,0.02209444826811513
M152T,3.709495536,3.709495536,3.709495536,1,0.06465018644124633,0.02205030826811516
I187N,3.709424505,3.709424505,3.709424505,1,-0.21272598698271508,0.021979277268115105
N211Y,3.709422907,3.709422907,3.709422907,1,-0.027673303340890378,0.021977679268115224
N134Y,3.70880652,3.70880652,3.70880652,1,-0.03143462556490739,0.02136129226811523
N145D,3.708624423,3.708624423,3.708624423,1,-0.04610918397909182,0.02117919526811507
E89G,3.708571415,3.708571415,3.708571415,1,-0.07779712491748239,0.021126187268115437
A109G,3.708478076,3.708478076,3.708478076,1,-0.310786385597303,0.021032848268115245
D75E,3.70838194,3.70838194,3.70838194,1,-0.0717311076989642,0.020936712268115443
Y144C,3.708335993,3.708335993,3.708335993,1,-0.030525509393853262,0.020890765268115175
V175E,3.708170443,3.708170443,3.708170443,1,-0.02900780866451564,0.020725215268115438
N158S,3.708152167,3.708152167,3.708152167,1,-0.0776663227600419,0.0207069392681154
M232L,3.707626099,3.707626099,3.707626099,1,-0.047567701960718245,0.020180871268115297
K25N,3.707244274,3.707244274,3.707244274,1,0.10357655797954131,0.019799046268115017
K112T,3.706728606,3.706728606,3.706728606,1,-0.12358161313356593,0.019283378268115214
I228T,3.706533893,3.706533893,3.706533893,1,-0.07936119884114308,0.019088665268115257
R72S,3.706403727,3.706403727,3.706403727,1,-0.009998362124661864,0.018958499268115325
T8S,3.70625078,3.70625078,3.70625078,1,0.0571846632239483,0.0188055522681152
G137R,3.706152512,3.706152512,3.706152512,1,-0.11760747473840154,0.0187072842681153
D189G,3.706143398,3.706143398,3.706143398,1,-0.03928763827872584,0.018698170268115266
N143A,3.706058611,3.706058611,3.706058611,1,0.07561748371677143,0.018613383268115236
E131A,3.705999099,3.705999099,3.705999099,1,-0.11136180897619621,0.018553871268115252
M232K,3.705744621,3.705744621,3.705744621,1,0.02113678656477161,0.01829939326811525
Y144F,3.705738016,3.705738016,3.705738016,1,0.0856995507616682,0.018292788268115423
D196V,3.705714444,3.705714444,3.705714444,1,-0.011371381192778524,0.018269216268115063
F222V,3.705676595,3.705676595,3.705676595,1,-0.038707342375587955,0.01823136726811514
Y181C,3.705540045,3.705540045,3.705540045,1,-0.1882664215257242,0.018094817268115015
N143S,3.705021439,3.705021439,3.705021439,1,0.02585326853385559,0.01757621126811504
N104K,3.704880785,3.704880785,3.704880785,1,0.22179959341808525,0.017435557268115076
S85A,3.704229745,3.704229745,3.704229745,1,-0.1440065190128434,0.016784517268115362
K40M,3.704086686,3.704086686,3.704086686,1,-0.025971886694875882,0.01664145826811536
E131V,3.704004412,3.704004412,3.704004412,1,-0.039042897374792315,0.016559184268115423
K155E,3.703633822,3.703633822,3.703633822,1,0.009651608018860981,0.016188594268115253
K130Q,3.703524143,3.703524143,3.703524143,1,-0.33274004087571646,0.016078915268115335
N143D,3.703368701,3.703368701,3.703368701,1,-0.037326664412353106,0.015923473268115274
L235R,3.703282501,3.703282501,3.703282501,1,-0.13592093046780845,0.015837273268115126
S201R,3.702809117,3.702809117,3.702809117,1,0.04481667820598667,0.015363889268115383
G159D,3.702764485,3.702764485,3.702764485,1,-0.32460300110939555,0.015319257268115116
E33V,3.702173397,3.702173397,3.702173397,1,0.02641579739468094,0.014728169268115376
T185A,3.702085736,3.702085736,3.702085736,1,-0.0578580175903631,0.014640508268115138
E4K,3.701644839,3.701644839,3.701644839,1,0.06368778038434601,0.014199611268115309
D20N,3.701603457,3.701603457,3.701603457,1,-0.09149178595003721,0.014158229268115274
G231S,3.700813282,3.700813282,3.700813282,1,-0.10039383343257983,0.01336805426811516
N211K,3.70080971,3.70080971,3.70080971,1,0.18149928237076435,0.013364482268115374
E4G,3.700399657,3.700399657,3.700399657,1,-0.019015128155486255,0.012954429268115408
K78Q,3.700351346,3.700351346,3.700351346,1,-0.2728529492898869,0.012906118268115385
L177H,3.700145504,3.700145504,3.700145504,1,0.02542099370124424,0.012700276268115207
K161R,3.699843244,3.699843244,3.699843244,1,0.0063384172862214405,0.01239801626811543
D116E,3.699580277,3.699580277,3.699580277,1,-0.08201884255645045,0.01213504926811515
K51T,3.699070018,3.699070018,3.699070018,1,-0.02403202322673845,0.011624790268115248
D233G,3.699042503,3.699042503,3.699042503,1,-0.03358536270911779,0.011597275268115048
V111L,3.698115885,3.698115885,3.698115885,1,-0.3482417401759282,0.010670657268115225
N169K,3.697324659,3.697324659,3.697324659,1,0.11282873728609791,0.00987943126811519
P210T,3.697141488,3.697141488,3.697141488,1,-0.3230221626300498,0.00969626026811543
Q203R,3.696847705,3.696847705,3.696847705,1,-0.07292048968524684,0.009402477268115383
N145S,3.696764749,3.696764749,3.696764749,1,-0.0448922218079428,0.009319521268115416
F98Y,3.696444953,3.696444953,3.696444953,1,0.08267344039206831,0.0089997252681151
I228V,3.696424381,3.696424381,3.696424381,1,-0.01594282283132477,0.008979153268115159
T224A,3.696311919,3.696311919,3.696311919,1,-0.09725145406734542,0.008866691268115012
T96N,3.696047345,3.696047345,3.696047345,1,-0.2136874570284335,0.008602117268115439
S207C,3.69588837,3.69588837,3.69588837,1,-0.06849787985916417,0.008443142268115267
D172N,3.6953142,3.6953142,3.6953142,1,-0.06897473678362287,0.007868972268115115
I151V,3.695265379,3.695265379,3.695265379,1,0.019353149563832425,0.007820151268115083
K51R,3.694795119,3.694795119,3.694795119,1,-0.028149095376287712,0.0073498912681153605
Q79L,3.694704055,3.694704055,3.694704055,1,-0.08658123680670321,0.007258827268115109
V67A,3.694519588,3.694519588,3.694519588,1,-0.07807642466610988,0.007074360268115143
K208T,3.694496651,3.694496651,3.694496651,1,0.020534817880569663,0.007051423268115364
V192A,3.694486159,3.694486159,3.694486159,1,-0.1299735670496747,0.007040931268115447
G188S,3.694085348,3.694085348,3.694085348,1,-0.1271700110879613,0.006640120268115446
E33A,3.69390404,3.69390404,3.69390404,1,0.0665365104861568,0.006458812268115288
F98L,3.693902801,3.693902801,3.693902801,1,-0.007496248448432291,0.0064575732681153575
G133S,3.693902746,3.693902746,3.693902746,1,-0.29591456099338537,0.006457518268115248
G227W,3.693902744,3.693902744,3.693902744,1,-0.05086238820578622,0.006457516268115082
L235V,3.693668145,3.693668145,3.693668145,1,0.13972515679846984,0.006222917268115413
T96A,3.692982749,3.692982749,3.692982749,1,-0.026429411860752046,0.005537521268115242
E31D,3.692742094,3.692742094,3.692742094,1,-0.3489849717333093,0.00529686626811543
A36T,3.692621441,3.692621441,3.692621441,1,-0.26828518949047514,0.005176213268115237
Q156L,3.69245927,3.69245927,3.69245927,1,-0.032022372872302834,0.005014042268115304
N145Y,3.692312635,3.692312635,3.692312635,1,-0.1782970457969444,0.004867407268115187
T96S,3.692030719,3.692030719,3.692030719,1,-0.029702385243065635,0.004585491268115138
K106A,3.691571315,3.691571315,3.691571315,1,,0.004126087268115253
D128A,3.691519768,3.691519768,3.691519768,1,-0.20199862633907292,0.004074540268115268
A36V,3.691469952,3.691469952,3.691469952,1,-0.338145649328004,0.004024724268115065
P55S,3.691456629,3.691456629,3.691456629,1,-0.4149538195258691,0.004011401268115389
D196E,3.69136526,3.69136526,3.69136526,1,-0.00844709222777389,0.0039200322681152144
V21I,3.691358575,3.691358575,3.691358575,1,0.0442482930449751,0.00391334726811543
A178V,3.691308119,3.691308119,3.691308119,1,-0.11605271523052148,0.0038628912681151206
Q183L,3.691278187,3.691278187,3.691278187,1,0.12266737012560527,0.0038329592681152214
I228D,3.691096719,3.691096719,3.691096719,1,-0.5270620897194337,0.003651491268115148
E4V,3.690786724,3.690786724,3.690786724,1,0.05016425498907648,0.003341496268115307
E171K,3.690715165,3.690715165,3.690715165,1,0.08739720114599972,0.0032699372681150862
N145I,3.690676098,3.690676098,3.690676098,1,-0.1909267843472745,0.0032308702681151935
Y199C,3.690246128,3.690246128,3.690246128,1,-0.19433251548148064,0.002800900268115303
N148H,3.689723547,3.689723547,3.689723547,1,-0.07499142054048823,0.002278319268115059
E110K,3.689719893,3.689719893,3.689719893,1,-0.17033748386694925,0.0022746652681151502
E234V,3.689706568,3.689706568,3.689706568,1,0.0398033509728236,0.0022613402681153083
P191S,3.689664237,3.689664237,3.689664237,1,-0.129574585933215,0.0022190092681153573
V10A,3.689526454,3.689526454,3.689526454,1,0.026114612523885423,0.002081226268115355
D233H,3.688840706,3.688840706,3.688840706,1,-0.15828092468546623,0.0013954782681153688
E114K,3.688778417,3.688778417,3.688778417,1,-0.21038728278222965,0.001333189268115209
K100T,3.688746845,3.688746845,3.688746845,1,-0.1467667385844994,0.0013016172681150628
D20V,3.688634763,3.688634763,3.688634763,1,0.030297049349317835,0.0011895352681152715
A36G,3.688542188,3.688542188,3.688542188,1,-0.2895626162396714,0.0010969602681152324
G231R,3.688017042,3.688017042,3.688017042,1,0.1346167466994701,0.000571814268115034
L206M,3.687743847,3.687743847,3.687743847,1,-0.30016961609677323,0.0002986192681153632
E4A,3.687743551,3.687743551,3.687743551,1,0.048420208750226595,0.00029832326811529697
T8I,3.687219463,3.687219463,3.687219463,1,-0.06984220527242542,-0.0002257647318848477
T49S,3.686858261,3.686858261,3.686858261,1,-0.03313999597897032,-0.0005869667318849636
K139M,3.686785088,3.686785088,3.686785088,1,-0.23489154506408536,-0.0006601397318846125
I160L,3.686670191,3.686670191,3.686670191,1,0.04122580223777482,-0.0007750367318846152
A36P,3.686501603,3.686501603,3.686501603,1,-0.149689163624604,-0.0009436247318848068
I97V,3.686377147,3.686377147,3.686377147,1,-0.14715278041736507,-0.0010680807318848018
F45L,3.68584989,3.68584989,3.68584989,1,-0.18667098150201972,-0.001595337731884694
K100R,3.685486571,3.685486571,3.685486571,1,-0.005706661727391282,-0.001958656731884556
K112N,3.685426194,3.685426194,3.685426194,1,-0.08543106383310274,-0.002019033731884612
N148D,3.685149554,3.685149554,3.685149554,1,-0.03778401124332438,-0.002295673731884662
K51M,3.685125234,3.685125234,3.685125234,1,-0.03474244972680766,-0.0023199937318847397
E141A,3.685046289,3.685046289,3.685046289,1,-0.1106234504049041,-0.00239893873188457
V192L,3.683119574,3.683119574,3.683119574,1,0.10629196112280945,-0.00432565373188476
Y144N,3.682966882,3.682966882,3.682966882,1,-0.18465214117666923,-0.004478345731884659
L193Q,3.682666968,3.682666968,3.682666968,1,-0.025777938854218245,-0.0047782597318848374
D101G,3.682447134,3.682447134,3.682447134,1,-0.021057765615620276,-0.004998093731884978
N211S,3.682372247,3.682372247,3.682372247,1,-0.06787904842026493,-0.00507298073188478
K40R,3.681698039,3.681698039,3.681698039,1,0.05377221653974043,-0.005747188731884734
K125R,3.681605811,3.681605811,3.681605811,1,-0.02395148220011118,-0.005839416731884928
V175A,3.680977116,3.680977116,3.680977116,1,-0.08307854348450903,-0.006468111731884552
T37P,3.680908534,3.680908534,3.680908534,1,-0.26425486042874374,-0.006536693731884924
Q79P,3.680825342,3.680825342,3.680825342,1,0.031399970727486654,-0.006619885731884878
P191H,3.680432737,3.680432737,3.680432737,1,0.08726435165178456,-0.007012490731884924
Q156H,3.679833071,3.679833071,3.679833071,1,-0.16413229978756025,-0.007612156731884756
H80Q,3.679591531,3.679591531,3.679591531,1,-0.3122418091007248,-0.007853696731884963
Q156R,3.679437863,3.679437863,3.679437863,1,-0.009229257775977006,-0.008007364731884792
G173D,3.679355016,3.679355016,3.679355016,1,-0.22992737809943595,-0.008090211731884622
N184S,3.679307339,3.679307339,3.679307339,1,-0.31312732237249746,-0.00813788873188459
Y150N,3.679198637,3.679198637,3.679198637,1,-0.07541300215540842,-0.00824659073188494
A226D,3.679188955,3.679188955,3.679188955,1,-0.026327778380950156,-0.008256272731884895
G159R,3.678755727,3.678755727,3.678755727,1,0.23348535849039131,-0.008689500731884792
K161E,3.678646986,3.678646986,3.678646986,1,-0.033379083787513385,-0.008798241731884815
N148T,3.678550136,3.678550136,3.678550136,1,-0.21140648641467447,-0.00889509173188463
M152L,3.67834098,3.67834098,3.67834098,1,-0.09907057369830023,-0.009104247731884563
I228F,3.678282804,3.678282804,3.678282804,1,0.1391208686544706,-0.009162423731884584
F7C,3.678233456,3.678233456,3.678233456,1,-0.33149292420582804,-0.0092117717318847
I13L,3.678039682,3.678039682,3.678039682,1,-0.16785919880716646,-0.009405545731884679
A86V,3.67799349,3.67799349,3.67799349,1,0.16499164101145136,-0.00945173773188479
F45C,3.677809112,3.677809112,3.677809112,1,-0.21860351974463732,-0.009636115731884942
H230L,3.677804877,3.677804877,3.677804877,1,-0.01491506172526203,-0.009640350731884961
E16V,3.677725327,3.677725327,3.677725327,1,-0.03610492362561251,-0.009719900731884668
K213M,3.677664562,3.677664562,3.677664562,1,0.052891359277441825,-0.009780665731884852
K208S,3.677125823,3.677125823,3.677125823,1,0.06113206461747675,-0.010319404731884863
H138R,3.67702457,3.67702457,3.67702457,1,-0.08449058307437328,-0.01042065773188483
D179Y,3.67701165,3.67701165,3.67701165,1,0.012252265762279758,-0.010433577731884913
I122V,3.676465081,3.676465081,3.676465081,1,0.1136176485665469,-0.010980146731884854
N169S,3.6764203,3.6764203,3.6764203,1,-0.06293276935341618,-0.01102492773188457
H76R,3.67631106,3.67631106,3.67631106,1,-0.13970354516611397,-0.011134167731884581
T185S,3.676241992,3.676241992,3.676241992,1,-0.08134212125474322,-0.011203235731884753
E171V,3.675965235,3.675965235,3.675965235,1,0.11088770653252436,-0.011479992731884714
S207R,3.675833402,3.675833402,3.675833402,1,-0.40241538289996465,-0.011611825731884906
K157Q,3.675762051,3.675762051,3.675762051,1,-0.019277801383149825,-0.011683176731884792
P210A,3.675614251,3.675614251,3.675614251,1,0.06138826462471925,-0.011830976731884935
S29F,3.67543276,3.67543276,3.67543276,1,0.10390152420645121,-0.01201246773188469
R72H,3.675065981,3.675065981,3.675065981,1,0.09690718376480559,-0.012379246731884841
F164V,3.674693293,3.674693293,3.674693293,1,-0.3401399939953642,-0.012751934731884962
Y38D,3.674548271,3.674548271,3.674548271,1,-0.22678128859241137,-0.012896956731884845
I166L,3.674405189,3.674405189,3.674405189,1,-0.45981336253238814,-0.013040038731884973
E89D,3.674257682,3.674257682,3.674257682,1,0.05691751822178712,-0.013187545731884853
K25R,3.674055228,3.674055228,3.674055228,1,0.03031852323321108,-0.013389999731884927
D132G,3.673904691,3.673904691,3.673904691,1,-0.04028840645755504,-0.0135405367318846
I166T,3.673246125,3.673246125,3.673246125,1,0.023660067839607078,-0.01419910273188485
N143I,3.673243091,3.673243091,3.673243091,1,-0.20059020952623943,-0.014202136731884973
K155Q,3.672926189,3.672926189,3.672926189,1,-0.12037726069488304,-0.014519038731884759
F222L,3.672855886,3.672855886,3.672855886,1,-0.08252043469557759,-0.014589341731884975
N197I,3.671659788,3.671659788,3.671659788,1,-0.11038584700706316,-0.015785439731884843
K155M,3.67136754,3.67136754,3.67136754,1,-0.23493430696768963,-0.016077687731884893
L63M,3.670928945,3.670928945,3.670928945,1,-0.2438271252057472,-0.016516282731884768
N169H,3.670910192,3.670910192,3.670910192,1,-0.11113136236459856,-0.01653503573188475
D35E,3.670909534,3.670909534,3.670909534,1,-0.15211677119617492,-0.01653569373188457
H180Q,3.670807594,3.670807594,3.670807594,1,-0.4475328804913574,-0.016637633731884982
V175L,3.670606256,3.670606256,3.670606256,1,0.06955150632147974,-0.016838971731884644
M152R,3.670501162,3.670501162,3.670501162,1,-0.008700430514701827,-0.016944065731884894
T42N,3.670196483,3.670196483,3.670196483,1,0.23221854251500834,-0.01724874473188498
K78T,3.669914916,3.669914916,3.669914916,1,-0.19819781347226123,-0.017530311731884574
M77L,3.669669095,3.669669095,3.669669095,1,-0.13806144128590286,-0.01777613273188461
D75G,3.66935027,3.66935027,3.66935027,1,-0.04415332381610825,-0.018094957731884964
K139Q,3.669291161,3.669291161,3.669291161,1,-0.15026386714383713,-0.01815406673188491
P191T,3.66914642,3.66914642,3.66914642,1,-0.025907375503611208,-0.018298807731884636
S204A,3.669135149,3.669135149,3.669135149,1,0.005506105641195244,-0.018310078731884616
I187T,3.668900298,3.668900298,3.668900298,1,-0.28239120720521366,-0.018544929731884707
D128N,3.668452647,3.668452647,3.668452647,1,0.023747883536927805,-0.0189925807318847
I46L,3.668336384,3.668336384,3.668336384,1,-0.06296801511754781,-0.019108843731884928
E94A,3.668222237,3.668222237,3.668222237,1,-0.2261971940953613,-0.019222990731884604
E16D,3.668135663,3.668135663,3.668135663,1,-0.10755365236067219,-0.01930956473188461
G227V,3.668027207,3.668027207,3.668027207,1,-0.07549856603297242,-0.01941802073188459
E33K,3.667836029,3.667836029,3.667836029,1,-0.1345392669150765,-0.019609198731884714
G188D,3.667278871,3.667278871,3.667278871,1,-0.03952964459444254,-0.020166356731884605
Q156P,3.666979837,3.666979837,3.666979837,1,-0.0194936040980241,-0.020465390731884803
G159C,3.666941421,3.666941421,3.666941421,1,-0.020916196557065506,-0.020503806731884566
G159S,3.66692175,3.66692175,3.66692175,1,-0.08127118247066085,-0.020523477731884565
D179H,3.666808308,3.666808308,3.666808308,1,-0.11257621579940515,-0.020636919731884973
L63V,3.666497839,3.666497839,3.666497839,1,-0.20829382007523,-0.020947388731884953
D101E,3.666137207,3.666137207,3.666137207,1,-0.0199455419997052,-0.02130802073188498
T8P,3.666133774,3.666133774,3.666133774,1,-0.09621514966972636,-0.02131145373188481
F113L,3.665528605,3.665528605,3.665528605,1,-0.23440218969041782,-0.02191662273188477
E4D,3.665339144,3.665339144,3.665339144,1,-0.2277255608632555,-0.02210608373188494
N134S,3.665070843,3.665070843,3.665070843,1,-0.08200249309735161,-0.02237438473188469
G9R,3.664549998,3.664549998,3.664549998,1,0.04950687534279624,-0.022895229731884736
N197Y,3.663837774,3.663837774,3.663837774,1,0.0537641496519525,-0.023607453731884664
P88H,3.663654203,3.663654203,3.663654203,1,-0.35220282780571094,-0.023791024731884658
K51N,3.663462738,3.663462738,3.663462738,1,0.18331649135387212,-0.02398248973188455
N197K,3.66331782,3.66331782,3.66331782,1,0.048310068057554265,-0.02412740773188471
E141G,3.663311901,3.663311901,3.663311901,1,-0.14321598879759534,-0.02413332673188462
N163H,3.662933253,3.662933253,3.662933253,1,0.24033837989029,-0.024511974731884933
D75N,3.66286366,3.66286366,3.66286366,1,-0.00039138051956609895,-0.02458156773188458
I187F,3.662800417,3.662800417,3.662800417,1,-0.11535506932954381,-0.024644810731884625
E141K,3.662576783,3.662576783,3.662576783,1,0.06080239348217405,-0.024868444731884765
N163I,3.662550721,3.662550721,3.662550721,1,0.003465772908242112,-0.024894506731884647
H24L,3.662321951,3.662321951,3.662321951,1,-0.08315976578130789,-0.025123276731884747
Y150H,3.661708798,3.661708798,3.661708798,1,-0.09156337281305027,-0.025736429731884947
N163S,3.661418079,3.661418079,3.661418079,1,-0.060246895530165906,-0.02602714873188461
K208R,3.661245246,3.661245246,3.661245246,1,-0.1306828866931981,-0.02619998173188476
P57A,3.660764762,3.660764762,3.660764762,1,-0.14716856888042146,-0.026680465731884873
K125M,3.660670678,3.660670678,3.660670678,1,-0.18679424706894368,-0.026774549731884978
I127N,3.660594221,3.660594221,3.660594221,1,0.048610911014757986,-0.026851006731884564
E123A,3.660165408,3.660165408,3.660165408,1,0.1577707189124021,-0.027279819731884647
D172H,3.659929025,3.659929025,3.659929025,1,0.17527863251190426,-0.02751620273188493
D154G,3.659641478,3.659641478,3.659641478,1,-0.23853453646015224,-0.027803749731884597
N169Y,3.65953785,3.65953785,3.65953785,1,-0.03855349582350434,-0.027907377731884786
M152K,3.659479845,3.659479845,3.659479845,1,-0.019170689429329466,-0.02796538273188487
Y150F,3.659295216,3.659295216,3.659295216,1,-0.044231668141442734,-0.028150011731884916
G115D,3.659193525,3.659193525,3.659193525,1,-0.21660432638406488,-0.02825170273188471
T117K,3.659192201,3.659192201,3.659192201,1,0.14438788038028086,-0.028253026731884567
V67L,3.659164553,3.659164553,3.659164553,1,-0.018239533890906285,-0.02828067473188467
H76C,3.659147928,3.659147928,3.659147928,1,0.09404105634215147,-0.028297299731884884
D75A,3.658861236,3.658861236,3.658861236,1,-0.14089887704629966,-0.02858399173188486
T224N,3.658701352,3.658701352,3.658701352,1,0.09884796637902217,-0.02874387573188475
G137A,3.658696356,3.658696356,3.658696356,1,-0.34303032126545235,-0.028748871731884673
F222I,3.65841132,3.65841132,3.65841132,1,-0.1155905182804187,-0.029033907731884856
D35N,3.658163182,3.658163182,3.658163182,1,-0.06596105156193273,-0.029282045731884754
F164Y,3.65788542,3.65788542,3.65788542,1,-0.22790739771835458,-0.029559807731884824
K208I,3.65771865,3.65771865,3.65771865,1,-0.21174271975963635,-0.029726577731884696
I135V,3.657681207,3.657681207,3.657681207,1,-0.027394508356241926,-0.029764020731884777
V162G,3.657129403,3.657129403,3.657129403,1,0.18319192930392364,-0.030315824731884877
E94K,3.656480529,3.656480529,3.656480529,1,-0.16960068148059612,-0.030964698731884788
H168L,3.656356338,3.656356338,3.656356338,1,-0.19572406515241578,-0.031088889731884617
F98V,3.656250365,3.656250365,3.656250365,1,-0.08878476940571207,-0.031194862731884765
S146G,3.656006795,3.656006795,3.656006795,1,-0.19640343241259017,-0.031438432731884625
S85Y,3.655754994,3.655754994,3.655754994,1,-0.5830526673131963,-0.03169023373188473
L6Q,3.655537742,3.655537742,3.655537742,1,-0.17448533722044124,-0.031907485731884844
S207G,3.655239694,3.655239694,3.655239694,1,-0.09254417879915301,-0.03220553373188473
F113Y,3.655229654,3.655229654,3.655229654,1,-0.12733663056635308,-0.03221557373188455
E89V,3.655007784,3.655007784,3.655007784,1,-0.07565445444345818,-0.03243744373188484
V162M,3.654689546,3.654689546,3.654689546,1,-0.005326232372596036,-0.03275568173188459
S27G,3.654617253,3.654617253,3.654617253,1,-0.12679053888512043,-0.0328279747318847
R167L,3.654187071,3.654187071,3.654187071,1,0.1109280711223341,-0.033258156731884814
Y144S,3.65346246,3.65346246,3.65346246,1,-0.07363443537728541,-0.03398276773188469
D75Y,3.6534006,3.6534006,3.6534006,1,0.05256027345219341,-0.03404462773188488
K100M,3.653239622,3.653239622,3.653239622,1,-0.12034168960449909,-0.03420560573188469
E131K,3.653168362,3.653168362,3.653168362,1,0.12778559775154577,-0.0342768657318846
I228N,3.653150516,3.653150516,3.653150516,1,-0.06854761576425863,-0.034294711731884586
F222S,3.653068328,3.653068328,3.653068328,1,-0.0793936646434815,-0.03437689973188496
L194Q,3.653066231,3.653066231,3.653066231,1,-0.14223288621720254,-0.034378996731884826
K106M,3.653063269,3.653063269,3.653063269,1,-0.06707525200368378,-0.034381958731884765
K106T,3.652843569,3.652843569,3.652843569,1,-0.08805164739118046,-0.03460165873188492
P57S,3.652773173,3.652773173,3.652773173,1,-0.19682043691408474,-0.03467205473188484
S174N,3.652676768,3.652676768,3.652676768,1,-0.14608773533988295,-0.03476845973188469
H76L,3.6525083,3.6525083,3.6525083,1,-0.12085346548555438,-0.034936927731884726
S27N,3.652492377,3.652492377,3.652492377,1,-0.0077381021508875734,-0.03495285073188459
K51E,3.652381146,3.652381146,3.652381146,1,-0.06479902608471094,-0.03506408173188458
D18G,3.652339966,3.652339966,3.652339966,1,-0.22695285645353488,-0.035105261731884774
P74S,3.652128098,3.652128098,3.652128098,1,-0.04172290741467758,-0.03531712973188483
F70L,3.651259782,3.651259782,3.651259782,1,-0.2269558586690818,-0.03618544573188487
V10M,3.651158502,3.651158502,3.651158502,1,-0.11378994932495362,-0.03628672573188485
L136R,3.651143012,3.651143012,3.651143012,1,-0.18872554133461228,-0.03630221573188486
S146C,3.651045454,3.651045454,3.651045454,1,-0.002356942270295628,-0.03639977373188463
K2E,3.651014045,3.651014045,3.651014045,1,-0.11747609352419976,-0.036431182731884615
E31G,3.650921808,3.650921808,3.650921808,1,-0.11138387253581569,-0.036523419731884665
K40N,3.650773444,3.650773444,3.650773444,1,-0.48930172969611924,-0.036671783731884844
E171A,3.650594645,3.650594645,3.650594645,1,0.2686796080842892,-0.036850582731884796
G9E,3.650504351,3.650504351,3.650504351,1,-0.1959973888611318,-0.03694087673188484
L177R,3.650243217,3.650243217,3.650243217,1,-0.20260753952558266,-0.037202010731884894
Y144H,3.65009906,3.65009906,3.65009906,1,0.02371770537305365,-0.037346167731884705
F45V,3.649842426,3.649842426,3.649842426,1,-0.09717149900302624,-0.03760280173188457
V11L,3.649294271,3.649294271,3.649294271,1,0.021656305827059717,-0.03815095673188473
E16A,3.649137599,3.649137599,3.649137599,1,0.1257684248421734,-0.03830762873188487
K125E,3.649120439,3.649120439,3.649120439,1,-0.23064690263787999,-0.03832478873188494
D215E,3.648837051,3.648837051,3.648837051,1,-0.27407622511305424,-0.03860817673188466
G190D,3.648510987,3.648510987,3.648510987,1,-0.014404625927306524,-0.038934240731884895
G137E,3.647794629,3.647794629,3.647794629,1,-0.2628654816474201,-0.03965059873188492
K78M,3.647449066,3.647449066,3.647449066,1,-0.18210493083674745,-0.039996161731884694
L193P,3.645286506,3.645286506,3.645286506,1,-0.1848532289009182,-0.04215872173188462
D179G,3.645084087,3.645084087,3.645084087,1,-0.2161795106205399,-0.042361140731884905
F7L,3.644999205,3.644999205,3.644999205,1,-0.28358131760142546,-0.0424460227318848
E89A,3.644950754,3.644950754,3.644950754,1,0.06272180535822364,-0.04249447373188486
N148Y,3.644927932,3.644927932,3.644927932,1,-0.11664208542631449,-0.042517295731884897
E234K,3.644676086,3.644676086,3.644676086,1,0.07975465538424728,-0.04276914173188473
K130T,3.644143705,3.644143705,3.644143705,1,-0.31171137819771694,-0.04330152273188492
L177P,3.644054098,3.644054098,3.644054098,1,-0.20150422064968687,-0.04339112973188497
Y199S,3.643609995,3.643609995,3.643609995,1,-0.1671472020055731,-0.04383523273188494
S85F,3.643250523,3.643250523,3.643250523,1,0.0012212811298875964,-0.044194704731884915
Y142H,3.642414177,3.642414177,3.642414177,1,-0.1990947111301201,-0.045031050731884736
Y142C,3.641801802,3.641801802,3.641801802,1,-0.35868717060790845,-0.04564342573188496
L194R,3.641775235,3.641775235,3.641775235,1,-0.24736979676291798,-0.04566999273188488
E131G,3.641587822,3.641587822,3.641587822,1,-0.12898940925503372,-0.04585740573188479
Y150D,3.641575891,3.641575891,3.641575891,1,-0.20017202931710584,-0.04586933673188476
I160T,3.640383535,3.640383535,3.640383535,1,-0.22695517618799124,-0.047061692731884985
F82Y,3.640215725,3.640215725,3.640215725,1,-0.3553766864469502,-0.047229502731884754
D116V,3.639850363,3.639850363,3.639850363,1,-0.17133119295282637,-0.0475948647318849
A36S,3.639504657,3.639504657,3.639504657,1,-0.1007745823653315,-0.04794057073188496
A226V,3.63948833,3.63948833,3.63948833,1,0.06925414421094152,-0.04795689773188494
Y150C,3.639473735,3.639473735,3.639473735,1,-0.28626659105864893,-0.04797149273188461
P195A,3.639133624,3.639133624,3.639133624,1,-0.3451645247743884,-0.04831160373188492
F129I,3.639109737,3.639109737,3.639109737,1,-0.3724948776283403,-0.0483354907318847
F98I,3.638573912,3.638573912,3.638573912,1,-0.0773516643100184,-0.048871315731884746
N134D,3.638260724,3.638260724,3.638260724,1,-0.18696955789878253,-0.04918450373188499
A226S,3.638205893,3.638205893,3.638205893,1,-0.02895644192036304,-0.04923933473188491
K2M,3.637844266,3.637844266,3.637844266,1,-0.027895347450560878,-0.04960096173188466
K106E,3.637691731,3.637691731,3.637691731,1,-0.15146109917741177,-0.049753496731884894
G227E,3.637395167,3.637395167,3.637395167,1,0.05050292368844252,-0.05005006073188456
P210S,3.637084383,3.637084383,3.637084383,1,-0.1328720354848333,-0.050360844731884846
E94D,3.636765247,3.636765247,3.636765247,1,-0.1378764783906041,-0.05067998073188473
D132E,3.636531237,3.636531237,3.636531237,1,-0.15618209299530783,-0.05091399073188496
S204C,3.636363731,3.636363731,3.636363731,1,0.23830493797610716,-0.05108149673188489
M217L,3.636033146,3.636033146,3.636033146,1,-0.24641580549484782,-0.05141208173188483
L6P,3.635367306,3.635367306,3.635367306,1,-0.30457447640814816,-0.052077921731884746
H147Y,3.635209221,3.635209221,3.635209221,1,-0.16237162867207913,-0.052236006731884554
E234A,3.635121697,3.635121697,3.635121697,1,-0.20534448745068629,-0.05232353073188456
T229I,3.634952945,3.634952945,3.634952945,1,0.009225645572679292,-0.052492282731884554
K112Q,3.634727458,3.634727458,3.634727458,1,-0.3076435910323908,-0.0527177697318848
V149A,3.634370167,3.634370167,3.634370167,1,-0.16210871833049767,-0.053075060731884616
N184D,3.634296344,3.634296344,3.634296344,1,-0.34791888003659055,-0.053148883731884755
Y199H,3.633808157,3.633808157,3.633808157,1,-0.10244590686415421,-0.05363707073188495
R108C,3.633730307,3.633730307,3.633730307,1,-0.19432606154380339,-0.053714920731884774
E110A,3.633695225,3.633695225,3.633695225,1,0.06260264155998259,-0.053750002731884905
H147Q,3.633469554,3.633469554,3.633469554,1,0.127544265437598,-0.05397567373188483
K130M,3.633382976,3.633382976,3.633382976,1,-0.10556675602131911,-0.054062251731884725
D189N,3.632641793,3.632641793,3.632641793,1,0.007816361715989532,-0.05480343473188487
S201I,3.632484112,3.632484112,3.632484112,1,0.12797626978709312,-0.05496111573188456
E141V,3.632129344,3.632129344,3.632129344,1,-0.052337803972431776,-0.055315883731884785
F83L,3.632121777,3.632121777,3.632121777,1,-0.31714022257781777,-0.055323450731884716
D132H,3.631143696,3.631143696,3.631143696,1,0.11358764731242108,-0.05630153173188468
T202A,3.630865555,3.630865555,3.630865555,1,-0.044032940417786,-0.05657967273188458
D18A,3.630512852,3.630512852,3.630512852,1,-0.05820669902434173,-0.05693237573188492
L59I,3.63006285,3.63006285,3.63006285,1,-0.03411825407666207,-0.057382377731884926
D101N,3.630061385,3.630061385,3.630061385,1,-0.002066126041115656,-0.057383842731884904
M77I,3.629841419,3.629841419,3.629841419,1,-0.3180746730316662,-0.057603808731884865
Y181N,3.629827925,3.629827925,3.629827925,1,-0.2027582002670209,-0.05761730273188492
K2T,3.629775204,3.629775204,3.629775204,1,-0.22368525334134193,-0.05767002373188479
A178T,3.629315348,3.629315348,3.629315348,1,-0.3616924645988802,-0.05812987973188477
V92A,3.628568135,3.628568135,3.628568135,1,-0.21296260868647565,-0.058877092731884684
R214C,3.627781556,3.627781556,3.627781556,1,-0.29789618045631405,-0.059663671731884804
N184T,3.627148536,3.627148536,3.627148536,1,-0.3131672039257606,-0.06029669173188479
E31A,3.626828684,3.626828684,3.626828684,1,0.2760086620949837,-0.06061654373188485
D20A,3.626568785,3.626568785,3.626568785,1,-0.15582014884372772,-0.06087644273188486
K139E,3.626551908,3.626551908,3.626551908,1,-0.35945925330538603,-0.06089331973188461
G3D,3.626310078,3.626310078,3.626310078,1,-0.09235551189102771,-0.06113514973188483
T48N,3.626166326,3.626166326,3.626166326,1,-0.28212569177451996,-0.06127890173188488
T48S,3.62585329,3.62585329,3.62585329,1,-0.13777777656731566,-0.06159193773188498
I13V,3.625784157,3.625784157,3.625784157,1,-0.05956632130802408,-0.06166107073188476
I166M,3.625611438,3.625611438,3.625611438,1,-0.051878761899840004,-0.0618337897318848
K112M,3.625518465,3.625518465,3.625518465,1,-0.19757129707494453,-0.06192676273188491
N211I,3.624941482,3.624941482,3.624941482,1,-0.08152880297215728,-0.06250374573188466
K161Q,3.624155349,3.624155349,3.624155349,1,0.05860662195168393,-0.06328987873188474
K130E,3.623780941,3.623780941,3.623780941,1,-0.1584453182038967,-0.06366428673188462
N143Y,3.623710315,3.623710315,3.623710315,1,-0.20129939140486908,-0.06373491273188492
K213T,3.623135889,3.623135889,3.623135889,1,-0.0705770665298451,-0.06430933873188494
I46F,3.622775326,3.622775326,3.622775326,1,-0.2601908592782198,-0.06466990173188458
T37I,3.622575021,3.622575021,3.622575021,1,0.007972968472225771,-0.06487020673188493
T117S,3.622548885,3.622548885,3.622548885,1,-0.1653724286165079,-0.06489634273188472
K100N,3.622314293,3.622314293,3.622314293,1,-0.11284911236038356,-0.0651309347318847
C47S,3.621986538,3.621986538,3.621986538,1,-0.2853071155819565,-0.06545868973188496
D189A,3.621367104,3.621367104,3.621367104,1,0.1839198944700506,-0.06607812373188482
T224I,3.621050562,3.621050562,3.621050562,1,-0.24721955653613836,-0.06639466573188457
F113C,3.620534071,3.620534071,3.620534071,1,-0.41709243286287523,-0.06691115673188497
D101A,3.620147725,3.620147725,3.620147725,1,-0.2403875515417516,-0.06729750273188495
S201G,3.619959846,3.619959846,3.619959846,1,-0.16256599979746758,-0.06748538173188479
Y199N,3.618782374,3.618782374,3.618782374,1,-0.3052009000960067,-0.06866285373188497
F129L,3.618651883,3.618651883,3.618651883,1,-0.2344724657155604,-0.0687933447318847
N22D,3.618606968,3.618606968,3.618606968,1,-0.1396641377237373,-0.06883825973188484
F70C,3.618565251,3.618565251,3.618565251,1,-0.14812750662940635,-0.06887997673188462
M87A,3.618185916,3.618185916,3.618185916,1,-0.05215227820313329,-0.06925931173188493
F164I,3.618182274,3.618182274,3.618182274,1,-0.23265924985657832,-0.06926295373188474
H80D,3.6180946,3.6180946,3.6180946,1,-0.2857204053259761,-0.06935062773188472
F26V,3.61802222,3.61802222,3.61802222,1,-0.2862822058187562,-0.06942300773188492
A205D,3.617984809,3.617984809,3.617984809,1,-0.09532022579291555,-0.06946041873188458
D179A,3.6177412,3.6177412,3.6177412,1,-0.226796074404308,-0.06970402773188455
K25T,3.617578481,3.617578481,3.617578481,1,-0.047900170842239076,-0.06986674673188498
K44R,3.616562239,3.616562239,3.616562239,1,-0.1923491267580258,-0.07088298873188492
K78E,3.616238993,3.616238993,3.616238993,1,-0.39895344029292723,-0.0712062347318847
K208N,3.615431748,3.615431748,3.615431748,1,-0.26893208356438264,-0.07201347973188499
N148I,3.614389854,3.614389854,3.614389854,1,-0.21025573313818724,-0.07305537373188464
D172A,3.613707223,3.613707223,3.613707223,1,-0.1521984225088048,-0.07373800473188474
T107A,3.613459464,3.613459464,3.613459464,1,-0.28516403969676385,-0.07398576373188481
D172V,3.612540425,3.612540425,3.612540425,1,-0.3915791867052497,-0.0749048027318846
R214H,3.612315728,3.612315728,3.612315728,1,-0.060111150962704404,-0.07512949973188476
D233V,3.612090987,3.612090987,3.612090987,1,-0.18612287275782588,-0.07535424073188457
L6V,3.611943485,3.611943485,3.611943485,1,-0.08950545920509932,-0.07550174273188492
H168Y,3.611289048,3.611289048,3.611289048,1,-0.2736862490704721,-0.0761561797318846
V192E,3.610486716,3.610486716,3.610486716,1,-0.36524128907284653,-0.07695851173188473
K25M,3.610459347,3.610459347,3.610459347,1,-0.13891913195754071,-0.07698588073188484
V92L,3.610420994,3.610420994,3.610420994,1,0.09195545102499147,-0.07702423373188472
T117A,3.610252406,3.610252406,3.610252406,1,-0.1448673723848249,-0.07719282173188491
I187S,3.610071378,3.610071378,3.610071378,1,-0.029118282500400716,-0.07737384973188455
S207N,3.609425252,3.609425252,3.609425252,1,-0.2626826645360925,-0.0780199757318849
M77V,3.609222816,3.609222816,3.609222816,1,-0.3403470142145616,-0.07822241173188482
D154E,3.609151505,3.609151505,3.609151505,1,-0.11887730890960034,-0.07829372273188495
D132V,3.608982397,3.608982397,3.608982397,1,-0.19840659157393517,-0.07846283073188465
E114A,3.608319957,3.608319957,3.608319957,1,0.16419271402508423,-0.0791252707318848
T62A,3.608236929,3.608236929,3.608236929,1,-0.4132472300365945,-0.07920829873188495
G115C,3.607572159,3.607572159,3.607572159,1,-0.13799350098685653,-0.07987306873188471
S71I,3.607338137,3.607338137,3.607338137,1,-0.22147992486636456,-0.0801070907318846
Y142F,3.607110113,3.607110113,3.607110113,1,-0.03937228922977251,-0.0803351147318847
K208Q,3.606977661,3.606977661,3.606977661,1,-0.3202782443873343,-0.0804675667318846
R214L,3.606801159,3.606801159,3.606801159,1,-0.09607403232559283,-0.08064406873188457
Y142S,3.606712172,3.606712172,3.606712172,1,0.0651329031833482,-0.08073305573188483
N158Y,3.606649659,3.606649659,3.606649659,1,-0.24550551957656697,-0.08079556873188487
F70I,3.605599471,3.605599471,3.605599471,1,-0.3521544149154789,-0.08184575673188466
V54M,3.605429312,3.605429312,3.605429312,1,-0.3181670015863446,-0.08201591573188471
Q68H,3.6053126,3.6053126,3.6053126,1,-0.1554320218239093,-0.08213262773188479
A205S,3.605068241,3.605068241,3.605068241,1,0.09592931541611593,-0.08237698673188465
L194V,3.604916794,3.604916794,3.604916794,1,-0.03322126791923776,-0.08252843373188457
A178S,3.604241887,3.604241887,3.604241887,1,-0.06967186410323478,-0.08320334073188462
H76Q,3.60285931,3.60285931,3.60285931,1,-0.14934973179015007,-0.08458591773188484
N22S,3.602723893,3.602723893,3.602723893,1,-0.21770630241476246,-0.08472133473188492
M87I,3.602160137,3.602160137,3.602160137,1,-0.35291014432196177,-0.08528509073188495
A225T,3.601923332,3.601923332,3.601923332,1,-0.43523923531747294,-0.08552189573188462
F164L,3.601520227,3.601520227,3.601520227,1,-0.323801322501494,-0.0859250007318848
V10L,3.600475539,3.600475539,3.600475539,1,-0.04439153300861101,-0.08696968873188471
L52M,3.600175785,3.600175785,3.600175785,1,0.03376573241435554,-0.08726944273188497
T117I,3.600027402,3.600027402,3.600027402,1,-0.1555406597385529,-0.08741782573188495
M77R,3.599725065,3.599725065,3.599725065,1,-0.5492109340151403,-0.08772016273188488
Y150S,3.59936332,3.59936332,3.59936332,1,-0.23855867963052627,-0.08808190773188462
N134I,3.598409786,3.598409786,3.598409786,1,-0.12157837779822428,-0.08903544173188482
V67E,3.596295777,3.596295777,3.596295777,1,-0.4628091515549277,-0.09114945073188485
G159V,3.595530629,3.595530629,3.595530629,1,-0.12435585740503634,-0.09191459873188457
T58A,3.595032919,3.595032919,3.595032919,1,-0.30765508494183125,-0.09241230873188488
N197T,3.59480565,3.59480565,3.59480565,1,0.039603602663355664,-0.09263957773188469
K208E,3.594431936,3.594431936,3.594431936,1,-0.3375197322969485,-0.09301329173188488
H147R,3.594091477,3.594091477,3.594091477,1,-0.40496257305806355,-0.09335375073188468
P12R,3.593728314,3.593728314,3.593728314,1,0.037571952376626125,-0.09371691373188495
N148S,3.593225709,3.593225709,3.593225709,1,-0.17281391267958227,-0.09421951873188483
P210H,3.592853182,3.592853182,3.592853182,1,-0.20894690561606605,-0.09459204573188496
D196Y,3.592509504,3.592509504,3.592509504,1,-0.0076138821189413045,-0.09493572373188464
G173S,3.592048423,3.592048423,3.592048423,1,-0.21848601275569,-0.09539680473188472
F99Y,3.59167815,3.59167815,3.59167815,1,-0.08476073971872505,-0.09576707773188486
I46T,3.590814786,3.590814786,3.590814786,1,-0.22134383447482642,-0.09663044173188462
M77T,3.589101732,3.589101732,3.589101732,1,-0.46979544184602823,-0.09834349573188472
D132Y,3.588986909,3.588986909,3.588986909,1,0.08830204313598873,-0.09845831873188482
Y181S,3.58833177,3.58833177,3.58833177,1,-0.11245556742088103,-0.09911345773188485
D128E,3.588078344,3.588078344,3.588078344,1,-0.3144987733490233,-0.09936688373188485
K25E,3.58796364,3.58796364,3.58796364,1,-0.16010340016040828,-0.09948158773188487
P186L,3.587261261,3.587261261,3.587261261,1,-0.21930586675268654,-0.10018396673188468
F7Y,3.585932812,3.585932812,3.585932812,1,-0.4125506884891158,-0.10151241573188496
L235M,3.585794366,3.585794366,3.585794366,1,-0.01676834352578147,-0.10165086173188476
V10G,3.585253434,3.585253434,3.585253434,1,-0.16000443352982488,-0.10219179373188458
S85T,3.584851654,3.584851654,3.584851654,1,-0.34805144127190124,-0.10259357373188482
D81N,3.584764546,3.584764546,3.584764546,1,-0.299947445583891,-0.1026806817318846
G133D,3.584635006,3.584635006,3.584635006,1,-0.476760336741129,-0.1028102217318847
E123G,3.584512225,3.584512225,3.584512225,1,-0.14141500709393617,-0.10293300273188466
D20H,3.584455968,3.584455968,3.584455968,1,-0.6775364313995622,-0.10298925973188489
G137W,3.583798881,3.583798881,3.583798881,1,-0.3446341306137476,-0.10364634673188489
R108H,3.583472449,3.583472449,3.583472449,1,-0.08404121368807646,-0.10397277873188493
D233N,3.582939153,3.582939153,3.582939153,1,-0.0657147707303908,-0.10450607473188489
D35V,3.582257777,3.582257777,3.582257777,1,-0.3260598758856095,-0.10518745073188462
R167S,3.582088691,3.582088691,3.582088691,1,-0.039087625373929444,-0.10535653673188472
S27I,3.581867589,3.581867589,3.581867589,1,-0.30507528486460245,-0.10557763873188497
D154V,3.581320179,3.581320179,3.581320179,1,-0.3504984205129259,-0.10612504873188477
R121S,3.581059965,3.581059965,3.581059965,1,-0.1536033269829253,-0.10638526273188464
K40Q,3.580490711,3.580490711,3.580490711,1,0.09872933855088922,-0.10695451673188483
E94V,3.580093905,3.580093905,3.580093905,1,-0.2642579233650112,-0.10735132273188475
R121L,3.579756454,3.579756454,3.579756454,1,-0.17700809874916373,-0.10768877373188479
N145K,3.579282129,3.579282129,3.579282129,1,-0.26223715424568234,-0.10816309873188468
R121H,3.579076795,3.579076795,3.579076795,1,-0.23331967776624551,-0.10836843273188457
E33G,3.579055065,3.579055065,3.579055065,1,-0.31581832235885055,-0.10839016273188484
E212D,3.579044198,3.579044198,3.579044198,1,-0.023103012752067775,-0.1084010297318847
M87V,3.578753116,3.578753116,3.578753116,1,-0.5160139536941689,-0.10869211173188464
H80R,3.578570843,3.578570843,3.578570843,1,-0.44614755383631066,-0.10887438473188471
L194P,3.578396785,3.578396785,3.578396785,1,-0.32971097117589593,-0.10904844273188496
F83C,3.577659026,3.577659026,3.577659026,1,-0.47224453892945983,-0.10978620173188469
A225S,3.577537007,3.577537007,3.577537007,1,-0.5056261375101063,-0.10990822073188466
P195T,3.577325038,3.577325038,3.577325038,1,-0.38751266553580027,-0.11012018973188464
F7I,3.577045596,3.577045596,3.577045596,1,-0.572004803999689,-0.11039963173188472
D101Y,3.576650121,3.576650121,3.576650121,1,-0.10475218237012404,-0.11079510673188464
S64T,3.576364137,3.576364137,3.576364137,1,-0.32467764122959647,-0.11108109073188466
K40T,3.576131155,3.576131155,3.576131155,1,0.017054303577898382,-0.11131407273188465
K155I,3.575544086,3.575544086,3.575544086,1,-0.21698758290240094,-0.11190114173188492
H76P,3.575052132,3.575052132,3.575052132,1,-0.27859657647723496,-0.1123930957318846
I122L,3.574935932,3.574935932,3.574935932,1,-0.06597780565505415,-0.11250929573188495
A225V,3.574859345,3.574859345,3.574859345,1,-0.2551983445240629,-0.11258588273188463
I97L,3.573941617,3.573941617,3.573941617,1,-0.3027157224772076,-0.11350361073188475
P88S,3.573427638,3.573427638,3.573427638,1,-0.27763999690485286,-0.1140175897318847
N158I,3.572406361,3.572406361,3.572406361,1,-0.10651328383453292,-0.11503886673188468
H138L,3.571500488,3.571500488,3.571500488,1,-0.25831513442111026,-0.1159447397318849
H180Y,3.569947894,3.569947894,3.569947894,1,-0.37295620103695726,-0.11749733373188498
I135T,3.56965759,3.56965759,3.56965759,1,-0.42645842999219064,-0.11778763773188494
K106G,3.569626304,3.569626304,3.569626304,1,-0.3312561206306396,-0.11781892373188496
I166N,3.569183916,3.569183916,3.569183916,1,-0.3805215824967109,-0.1182613117318847
Y142N,3.568414661,3.568414661,3.568414661,1,-0.33950276621224984,-0.11903056673188495
A205G,3.567864564,3.567864564,3.567864564,1,-0.190738605824823,-0.11958066373188458
F113I,3.567660222,3.567660222,3.567660222,1,-0.15868949712667418,-0.11978500573188455
K44M,3.567286359,3.567286359,3.567286359,1,-0.25753807826388564,-0.12015886873188464
V11M,3.56518829,3.56518829,3.56518829,1,-0.2695421148452573,-0.12225693773188473
G133R,3.564006835,3.564006835,3.564006835,1,-0.2970077355898778,-0.12343839273188495
K213Q,3.563372143,3.563372143,3.563372143,1,0.13457405515695342,-0.12407308473188472
N22H,3.563304872,3.563304872,3.563304872,1,-0.08798024730129017,-0.12414035573188498
T48A,3.562430672,3.562430672,3.562430672,1,-0.2515087446207144,-0.1250145557318847
I170F,3.560092147,3.560092147,3.560092147,1,-0.3664650474472089,-0.12735308073188456
Y142D,3.560082738,3.560082738,3.560082738,1,-0.28462186181917604,-0.12736248973188458
K139V,3.559555244,3.559555244,3.559555244,1,0.0022694651831697355,-0.12788998373188498
K78N,3.559501838,3.559501838,3.559501838,1,-0.39444499871848865,-0.12794338973188468
V60L,3.559247069,3.559247069,3.559247069,1,-0.3041819980471897,-0.12819815873188478
V111A,3.557699354,3.557699354,3.557699354,1,-0.5359446813527671,-0.12974587373188484
P195L,3.556149445,3.556149445,3.556149445,1,-0.33025149366142376,-0.1312957827318848
T49A,3.556095868,3.556095868,3.556095868,1,-0.3180946970378887,-0.13134935973188488
G103S,3.554220551,3.554220551,3.554220551,1,-0.3227682235222604,-0.13322467673188498
Y144D,3.553724962,3.553724962,3.553724962,1,-0.2672348362259786,-0.13372026573188478
N134H,3.552674013,3.552674013,3.552674013,1,-0.09316817666443113,-0.13477121473188491
H138Y,3.55224998,3.55224998,3.55224998,1,-0.47901621877173756,-0.13519524773188474
V10K,3.552012681,3.552012681,3.552012681,1,-0.0015067760189511777,-0.13543254673188487
G173C,3.55190794,3.55190794,3.55190794,1,-0.16930086938043573,-0.13553728773188478
R108S,3.551405179,3.551405179,3.551405179,1,-0.3500562982654181,-0.1360400487318847
K40E,3.550590541,3.550590541,3.550590541,1,-0.3054292797144845,-0.13685468673188472
V10E,3.550464319,3.550464319,3.550464319,1,-0.2377638368148763,-0.13698090873188473
A153V,3.547795791,3.547795791,3.547795791,1,-0.28966121331552486,-0.1396494367318848
C69S,3.547271709,3.547271709,3.547271709,1,-0.5322724438574851,-0.14017351873188488
E89K,3.546789371,3.546789371,3.546789371,1,0.08258317828702845,-0.14065585673188474
T48I,3.546789324,3.546789324,3.546789324,1,-0.2063096886460736,-0.14065590373188464
D102G,3.546273099,3.546273099,3.546273099,1,-0.43639923476664577,-0.14117212873188478
F129C,3.545305437,3.545305437,3.545305437,1,-0.5461096824148027,-0.14213979073188465
N134T,3.544914835,3.544914835,3.544914835,1,0.02115792809512036,-0.14253039273188461
R121C,3.544080473,3.544080473,3.544080473,1,-0.34948443561155934,-0.1433647547318846
N158H,3.543976941,3.543976941,3.543976941,1,-0.22635979051379354,-0.14346828673188483
M217I,3.543447479,3.543447479,3.543447479,1,-0.48029101826489895,-0.14399774873188464
Y91F,3.542010201,3.542010201,3.542010201,1,-0.22978246294061264,-0.1454350267318847
D132A,3.540904697,3.540904697,3.540904697,1,0.08192914801209779,-0.14654053073188456
E110G,3.539371829,3.539371829,3.539371829,1,-0.47196812123228804,-0.14807339873188496
L200Q,3.538777136,3.538777136,3.538777136,1,-0.3897872558160433,-0.14866809173188456
D179V,3.536470391,3.536470391,3.536470391,1,-0.22265163997440607,-0.15097483673188483
P186H,3.533341786,3.533341786,3.533341786,1,-0.1644205796547179,-0.15410344173188495
H216N,3.532414298,3.532414298,3.532414298,1,-0.03626249777760525,-0.15503092973188481
P195S,3.531414426,3.531414426,3.531414426,1,-0.4755312674292561,-0.15603080173188477
D101H,3.530347836,3.530347836,3.530347836,1,0.0586918774209773,-0.15709739173188497
A86P,3.529472883,3.529472883,3.529472883,1,-0.15051306249629381,-0.15797234473188482
H198Y,3.528854034,3.528854034,3.528854034,1,-0.5075766887981666,-0.15859119373188468
H180N,3.528793505,3.528793505,3.528793505,1,-0.6793383930059995,-0.15865172273188488
E16G,3.527729877,3.527729877,3.527729877,1,-0.2778367716445421,-0.1597153507318847
L136Q,3.527429603,3.527429603,3.527429603,1,-0.4627171800872936,-0.1600156247318849
N104D,3.527338385,3.527338385,3.527338385,1,-0.3804168078642544,-0.16010684273188458
G126C,3.526675911,3.526675911,3.526675911,1,-0.26488105536747036,-0.16076931673188488
V218A,3.525618783,3.525618783,3.525618783,1,-0.3115331282604323,-0.16182644473188468
N143H,3.523704042,3.523704042,3.523704042,1,-0.05919365146057677,-0.1637411857318849
E234D,3.519504939,3.519504939,3.519504939,1,0.16584929626655798,-0.16794028873188482
D128V,3.519375444,3.519375444,3.519375444,1,-0.510953965904988,-0.16806978373188475
I122T,3.518999648,3.518999648,3.518999648,1,-0.32677615148956174,-0.1684455797318849
F129V,3.515559497,3.515559497,3.515559497,1,-0.21747616223875008,-0.17188573073188484
V21L,3.514813717,3.514813717,3.514813717,1,0.011214832128017944,-0.17263151073188476
I135M,3.514717291,3.514717291,3.514717291,1,-0.3483036687742428,-0.17272793673188458
F129Y,3.514579697,3.514579697,3.514579697,1,-0.6129195248095003,-0.17286553073188493
S85P,3.513970271,3.513970271,3.513970271,1,-0.375786691986598,-0.17347495673188496
Q68P,3.512854297,3.512854297,3.512854297,1,-0.6449840193696144,-0.1745909307318847
T202S,3.511249545,3.511249545,3.511249545,1,-0.3595129625916359,-0.17619568273188468
F70Y,3.510949033,3.510949033,3.510949033,1,-0.5763933626314055,-0.1764961947318846
K213N,3.508899525,3.508899525,3.508899525,1,-0.2279167134174596,-0.17854570273188486
A86G,3.50638143,3.50638143,3.50638143,1,-0.24254253381984303,-0.18106379773188497
M77K,3.506022871,3.506022871,3.506022871,1,-0.6341903972660027,-0.1814223567318849
L140Q,3.505433839,3.505433839,3.505433839,1,-0.39953294005553247,-0.1820113887318846
G103A,3.505277144,3.505277144,3.505277144,1,-0.45799468390857145,-0.18216808373188487
C69Y,3.50499129,3.50499129,3.50499129,1,-0.7560155547471858,-0.18245393773188479
F164S,3.504464888,3.504464888,3.504464888,1,-0.4640981900505553,-0.182980339731885
V223A,3.504383283,3.504383283,3.504383283,1,-0.19031168151563876,-0.18306194473188464
P88A,3.504034486,3.504034486,3.504034486,1,-0.3366996273272292,-0.18341074173188465
E221D,3.503823338,3.503823338,3.503823338,1,-0.45508814243639395,-0.18362188973188465
T62P,3.503790677,3.503790677,3.503790677,1,-0.38334822023274123,-0.18365455073188475
D132N,3.503790674,3.503790674,3.503790674,1,-0.055097819451424654,-0.18365455373188455
R214S,3.503168323,3.503168323,3.503168323,1,-0.09876031666700705,-0.18427690473188463
M87T,3.502958491,3.502958491,3.502958491,1,-0.6284698205477451,-0.18448673673188498
G23S,3.501338535,3.501338535,3.501338535,1,-0.44904939389384924,-0.18610669273188485
G115A,3.501182025,3.501182025,3.501182025,1,-0.11602566491171046,-0.1862632027318849
V92G,3.49952235,3.49952235,3.49952235,1,-0.48371141714666893,-0.18792287773188487
N169G,3.498629628,3.498629628,3.498629628,1,0.09980079298955777,-0.18881559973188455
V149G,3.49795266,3.49795266,3.49795266,1,-0.2900561521246965,-0.1894925677318846
V92D,3.495897409,3.495897409,3.495897409,1,-0.47852157926872907,-0.19154781873188487
K51Q,3.495613978,3.495613978,3.495613978,1,0.1978797003641746,-0.1918312497318846
F82I,3.493652687,3.493652687,3.493652687,1,-0.6849528579326957,-0.1937925407318848
M217T,3.493437316,3.493437316,3.493437316,1,-0.647932621805953,-0.1940079117318847
N158V,3.491975366,3.491975366,3.491975366,1,0.0015207156151087556,-0.19546986173188463
E94G,3.488367726,3.488367726,3.488367726,1,-0.3050193562224684,-0.19907750173188488
V60A,3.486640963,3.486640963,3.486640963,1,-0.51304417206669,-0.20080426473188462
K112E,3.485862179,3.485862179,3.485862179,1,-0.46816055796707773,-0.2015830487318846
N120K,3.485222327,3.485222327,3.485222327,1,-0.09757340333237051,-0.20222290073188498
D209N,3.484212262,3.484212262,3.484212262,1,-0.2781531044200843,-0.20323296573188498
D35K,3.482026836,3.482026836,3.482026836,1,,-0.2054183917318846
M217V,3.479889093,3.479889093,3.479889093,1,-0.45487230297632814,-0.2075561347318846
I135F,3.4788399,3.4788399,3.4788399,1,-0.5732965864343016,-0.20860532773188467
P57H,3.474897255,3.474897255,3.474897255,1,-0.574144327507817,-0.21254797273188464
G23D,3.474536595,3.474536595,3.474536595,1,-0.2555467547994535,-0.21290863273188476
A36D,3.473141593,3.473141593,3.473141593,1,-0.35019847697689477,-0.21430363473188496
L206P,3.472868349,3.472868349,3.472868349,1,-0.6021919112513923,-0.2145768787318847
D35A,3.469752011,3.469752011,3.469752011,1,-0.4682677852028873,-0.21769321673188458
Y73F,3.46916071,3.46916071,3.46916071,1,-0.47196856967346623,-0.21828451773188462
D209V,3.468950498,3.468950498,3.468950498,1,-0.3876192890242058,-0.21849472973188488
H24Y,3.46855773,3.46855773,3.46855773,1,-0.033800041284039406,-0.21888749773188465
C69G,3.468137678,3.468137678,3.468137678,1,-0.6938842542082841,-0.2193075497318846
F7V,3.461022444,3.461022444,3.461022444,1,-0.6725573275821389,-0.22642278373188462
G190A,3.45687079,3.45687079,3.45687079,1,-0.14723102271034974,-0.2305744377318848
F7S,3.455122035,3.455122035,3.455122035,1,-0.6007528533675641,-0.23232319273188473
K51G,3.45430435,3.45430435,3.45430435,1,0.46783876563497484,-0.23314087773188463
G9V,3.441284674,3.441284674,3.441284674,1,-0.32793786541520736,-0.24616055373188495
I135N,3.439560836,3.439560836,3.439560836,1,-0.5058872091478978,-0.2478843917318847
F45I,3.439377399,3.439377399,3.439377399,1,-0.4054468535115561,-0.2480678287318847
Q176R,3.435921585,3.435921585,3.435921585,1,-0.6087136954242246,-0.25152364273188477
L41R,3.434497329,3.434497329,3.434497329,1,-0.2981785133565101,-0.2529478987318847
N22K,3.433716265,3.433716265,3.433716265,1,-0.41790584423932264,-0.2537289627318846
P12L,3.432221174,3.432221174,3.432221174,1,-0.639954762986029,-0.25522405373188484
P53L,3.431633052,3.431633052,3.431633052,1,-0.5790989409161023,-0.25581217573188475
H147L,3.431563908,3.431563908,3.431563908,1,-0.5091933647163647,-0.25588131973188455
F70S,3.43106655,3.43106655,3.43106655,1,-0.6615837430456548,-0.2563786777318846
F164H,3.430233889,3.430233889,3.430233889,1,-0.35857946444242905,-0.2572113387318846
F99L,3.424929511,3.424929511,3.424929511,1,-0.6513517813344532,-0.26251571673188456
H180L,3.423668486,3.423668486,3.423668486,1,-0.4961378417660205,-0.2637767417318848
T107I,3.423575173,3.423575173,3.423575173,1,-0.7194073474563706,-0.26387005473188463
D215N,3.419292574,3.419292574,3.419292574,1,-0.4817867741634547,-0.2681526537318848
I166F,3.418540012,3.418540012,3.418540012,1,-0.3110940289244673,-0.268905215731885
I151T,3.416622327,3.416622327,3.416622327,1,-0.6053945173334832,-0.270822900731885
T202P,3.411717154,3.411717154,3.411717154,1,-0.3790386744664416,-0.27572807373188457
N120H,3.41102356,3.41102356,3.41102356,1,-0.2565706954964133,-0.2764216677318849
Y105C,3.403473648,3.403473648,3.403473648,1,-0.5170630534920685,-0.2839715797318849
I97T,3.39851462,3.39851462,3.39851462,1,-0.527183832400382,-0.28893060773188495
G188A,3.395700768,3.395700768,3.395700768,1,-0.07065112474412427,-0.29174445973188456
I46N,3.394897028,3.394897028,3.394897028,1,-0.4417426315149439,-0.29254819973188484
H138P,3.392609973,3.392609973,3.392609973,1,-0.5275677762462224,-0.2948352547318849
V218D,3.391817209,3.391817209,3.391817209,1,-0.5291844313725632,-0.2956280187318847
V11A,3.386641063,3.386641063,3.386641063,1,-0.5458149897646088,-0.30080416473188487
D35G,3.38517282,3.38517282,3.38517282,1,-0.5254391885457251,-0.3022724077318846
I46S,3.380514652,3.380514652,3.380514652,1,-0.5054911477103705,-0.30693057573188476
G9W,3.380113266,3.380113266,3.380113266,1,-0.31243953000353,-0.3073319617318848
I122A,3.370221709,3.370221709,3.370221709,1,-0.2243174235537849,-0.3172235187318848
P53A,3.363975591,3.363975591,3.363975591,1,-0.1959979217821896,-0.3234696367318848
G39S,3.35168732,3.35168732,3.35168732,1,-0.6116863020283486,-0.33575790773188485
L200H,3.347484869,3.347484869,3.347484869,1,-0.10390517171734462,-0.3399603587318847
P12H,3.347154855,3.347154855,3.347154855,1,-0.40177965322314857,-0.3402903727318849
F83S,3.346705615,3.346705615,3.346705615,1,-0.7654109099446728,-0.3407396127318849
V15F,3.346470873,3.346470873,3.346470873,1,-0.5384734001075199,-0.34097435473188487
D102N,3.346169446,3.346169446,3.346169446,1,-0.6499701737262573,-0.34127578173188455
V21A,3.343378025,3.343378025,3.343378025,1,-0.6657593510523623,-0.34406720273188496
G137V,3.342104292,3.342104292,3.342104292,1,-0.5937788990750738,-0.3453409357318846
F99I,3.340471545,3.340471545,3.340471545,1,-0.5484639857959749,-0.34697368273188456
T58I,3.339907056,3.339907056,3.339907056,1,-0.5355909302296036,-0.34753817173188484
L52R,3.339159237,3.339159237,3.339159237,1,-0.38428422379938587,-0.3482859907318847
I151F,3.3362894,3.3362894,3.3362894,1,-0.70213383291076,-0.3511558277318847
T62I,3.334611078,3.334611078,3.334611078,1,-0.6030307815407168,-0.35283414973188476
K84M,3.332762945,3.332762945,3.332762945,1,-0.8655327510143057,-0.35468228273188496
I160F,3.328102774,3.328102774,3.328102774,1,-0.4486800971081716,-0.3593424537318848
H198L,3.326396259,3.326396259,3.326396259,1,-0.575173780169885,-0.36104896873188475
N120I,3.324703424,3.324703424,3.324703424,1,-0.7515273818055708,-0.3627418037318848
G50D,3.323176968,3.323176968,3.323176968,1,-0.24147514130157738,-0.3642682597318849
K25G,3.317519286,3.317519286,3.317519286,1,0.1526315170630819,-0.36992594173188476
P53T,3.314250526,3.314250526,3.314250526,1,-0.48127452101824686,-0.37319470173188485
G126S,3.306193949,3.306193949,3.306193949,1,-0.3701682516957631,-0.3812512787318849
F82L,3.304215615,3.304215615,3.304215615,1,-0.6477081749648844,-0.38322961273188483
P57L,3.303901102,3.303901102,3.303901102,1,-0.7518201406987016,-0.38354412573188457
T48P,3.300826757,3.300826757,3.300826757,1,-0.025057184732502305,-0.38661847073188493
D35Y,3.296319134,3.296319134,3.296319134,1,-0.1289104456537337,-0.3911260937318848
I13F,3.293115772,3.293115772,3.293115772,1,-0.5969411983286693,-0.3943294557318846
E114G,3.287355075,3.287355075,3.287355075,1,-0.4832838907056693,-0.400090152731885
P12A,3.285691816,3.285691816,3.285691816,1,-0.31381665816365606,-0.40175341173188484
S64A,3.284240767,3.284240767,3.284240767,1,-0.25671167068212014,-0.40320446073188476
V223G,3.284122628,3.284122628,3.284122628,1,-0.4404453115686689,-0.4033225997318848
N22I,3.28031959,3.28031959,3.28031959,1,-0.5363859995791898,-0.4071256377318848
N120D,3.274134572,3.274134572,3.274134572,1,-0.7015419255940503,-0.41331065573188486
V28M,3.271640315,3.271640315,3.271640315,1,-0.695769406751057,-0.4158049127318848
I13T,3.266479965,3.266479965,3.266479965,1,-0.5496469976161328,-0.42096526273188495
A225D,3.26338117,3.26338117,3.26338117,1,-0.5046876091361714,-0.4240640577318846
N120Y,3.259384138,3.259384138,3.259384138,1,-0.7455727170849923,-0.4280610897318846
L140P,3.259354908,3.259354908,3.259354908,1,-0.7517591522092861,-0.4280903197318846
V15A,3.259354761,3.259354761,3.259354761,1,-0.48158838021438427,-0.4280904667318848
S71N,3.25892139,3.25892139,3.25892139,1,-0.6746260464045658,-0.42852383773188496
V223E,3.256948921,3.256948921,3.256948921,1,-0.6419508072753157,-0.43049630673188455
K84R,3.256913155,3.256913155,3.256913155,1,-0.698356791219324,-0.4305320727318849
I160S,3.25547008,3.25547008,3.25547008,1,-0.7619016251175883,-0.43197514773188495
F45S,3.254352112,3.254352112,3.254352112,1,-0.5529018313528816,-0.4330931157318849
Y91C,3.253676531,3.253676531,3.253676531,1,-0.7039163512832112,-0.4337686967318848
L52P,3.232789842,3.232789842,3.232789842,1,-0.6009537368715003,-0.4546553857318849
T49I,3.231967602,3.231967602,3.231967602,1,-0.7440277306265471,-0.45547762573188466
G23A,3.230488319,3.230488319,3.230488319,1,-0.7842166901253593,-0.45695690873188477
Q93H,3.230196593,3.230196593,3.230196593,1,-0.6184697511627483,-0.4572486347318847
L206Q,3.218632692,3.218632692,3.218632692,1,-0.7722744469545427,-0.46881253573188486
G50S,3.21655835,3.21655835,3.21655835,1,-0.6390364241004767,-0.47088687773188465
Q68L,3.215612114,3.215612114,3.215612114,1,-0.44899735861688916,-0.47183311373188497
H80P,3.210582137,3.210582137,3.210582137,1,-0.700199755501881,-0.47686309073188493
Y199D,3.208145573,3.208145573,3.208145573,1,-0.5382162065672835,-0.47929965473188485
S204P,3.199391569,3.199391569,3.199391569,1,-0.587587114628394,-0.4880536587318849
Q93L,3.19918745,3.19918745,3.19918745,1,-0.663512556751502,-0.4882577777318846
F26I,3.199118856,3.199118856,3.199118856,1,-0.7917532165471857,-0.48832637173188465
L41Q,3.19837053,3.19837053,3.19837053,1,-0.4652210013134905,-0.4890746977318847
G34C,3.19599896,3.19599896,3.19599896,1,-0.9325502260107624,-0.49144626773188493
D20G,3.189059279,3.189059279,3.189059279,1,-0.5993698488473712,-0.4983859487318849
G23C,3.187859457,3.187859457,3.187859457,1,-0.36233738774124086,-0.4995857707318847
H147P,3.180764105,3.180764105,3.180764105,1,-0.6361024901418219,-0.5066811227318846
V28A,3.175414856,3.175414856,3.175414856,1,-0.7460318883683563,-0.5120303717318846
S64L,3.174362825,3.174362825,3.174362825,1,-0.755345397539714,-0.5130824027318845
F99C,3.168603477,3.168603477,3.168603477,1,-0.5004681345447166,-0.5188417507318848
P12S,3.163154382,3.163154382,3.163154382,1,-0.2907546747816107,-0.5242908457318847
E221A,3.150899817,3.150899817,3.150899817,1,-0.7007801265486544,-0.5365454107318848
D101V,3.150415733,3.150415733,3.150415733,1,-0.6137901140637295,-0.5370294947318848
V54A,3.148905332,3.148905332,3.148905332,1,-0.6908005030806397,-0.5385398957318848
F82S,3.139319102,3.139319102,3.139319102,1,-0.8379054132884396,-0.5481261257318848
K44E,3.138933937,3.138933937,3.138933937,1,-0.5968662097642685,-0.5485112907318848
E221G,3.138123907,3.138123907,3.138123907,1,-0.5077151681897114,-0.5493213207318846
A109T,3.13739228,3.13739228,3.13739228,1,-0.8123602529128106,-0.550052947731885
F113S,3.137354102,3.137354102,3.137354102,1,-0.8482580792355876,-0.5500911257318846
V60M,3.136994191,3.136994191,3.136994191,1,-0.7129820376885557,-0.5504510367318849
N22T,3.135107579,3.135107579,3.135107579,1,-0.46244201898556064,-0.5523376487318847
R108G,3.128055427,3.128055427,3.128055427,1,-0.5504259898391793,-0.5593898007318847
N184Y,3.127432614,3.127432614,3.127432614,1,-0.8229073559934674,-0.5600126137318848
Y91H,3.126131399,3.126131399,3.126131399,1,-0.805087071883494,-0.5613138287318846
K84T,3.121514623,3.121514623,3.121514623,1,-0.34245109171032706,-0.5659306047318848
L43Q,3.113624225,3.113624225,3.113624225,1,-0.7056282276261641,-0.5738210027318846
F26L,3.098300913,3.098300913,3.098300913,1,-0.683456617870544,-0.5891443147318847
L219Q,3.085452718,3.085452718,3.085452718,1,-0.7225894979620127,-0.6019925097318848
P53S,3.066445842,3.066445842,3.066445842,1,-0.4789799082343684,-0.620999385731885
G34S,3.062813139,3.062813139,3.062813139,1,-0.6612883721171301,-0.6246320887318846
E212V,3.046431117,3.046431117,3.046431117,1,-0.6551880430531632,-0.6410141107318847
Y73C,3.014761643,3.014761643,3.014761643,1,-0.7373150227626852,-0.6726835847318848
I160G,3.006956394,3.006956394,3.006956394,1,-0.2743933277712535,-0.6804888337318848
Y105H,2.91980608,2.91980608,2.91980608,1,-0.7501917223398076,-0.7676391477318849
G50R,2.903395636,2.903395636,2.903395636,1,-0.2491697786512737,-0.7840495917318848
T62N,2.781961181,2.781961181,2.781961181,1,-0.607558205829711,-0.905484046731885
T224P,2.725740182,2.725740182,2.725740182,1,-0.62065704989356,-0.9617050457318848
D215G,2.637184522,2.637184522,2.637184522,1,-0.7459936860847742,-1.0502607057318847
T42P,2.63582388,2.63582388,2.63582388,1,-0.8290610719691706,-1.051621347731885
D209G,2.61387787,2.61387787,2.61387787,1,-0.7823405442654421,-1.0735673577318847
Y105N,2.257588731,2.257588731,2.257588731,1,-0.7744459375308707,-1.429856496731885
L41P,2.168167019,2.168167019,2.168167019,1,-0.8834503442084164,-1.5192782087318846
E212G,1.882908725,1.882908725,1.882908725,1,-0.8285347266536179,-1.8045365027318847
K84E,1.765581575,1.765581575,1.765581575,1,-0.8561656644930382,-1.9218636527318849
L136P,1.755534339,1.755534339,1.755534339,1,-0.9462523193278435,-1.9319108887318848
Q68R,1.75546733,1.75546733,1.75546733,1,-0.9096680043858432,-1.9319778977318847
Q93P,1.714010593,1.714010593,1.714010593,1,-1.1172694865836346,-1.9734346347318847
L59R,1.701777712,1.701777712,1.701777712,1,-1.0779078421124801,-1.9856675157318848
C47R,1.661834664,1.661834664,1.661834664,1,-0.7543299691293401,-2.0256105637318846
H180P,1.660649125,1.660649125,1.660649125,1,-0.906921439319288,-2.026796102731885
M87R,1.642821775,1.642821775,1.642821775,1,-0.9940457623134255,-2.0446234527318845
M217R,1.641932147,1.641932147,1.641932147,1,-1.2383096971871725,-2.045513080731885
M217K,1.64065702,1.64065702,1.64065702,1,-1.06412235403888,-2.046788207731885
A178P,1.618026649,1.618026649,1.618026649,1,-0.7999037178829388,-2.069418578731885
V54E,1.600465875,1.600465875,1.600465875,1,-1.0428128458499197,-2.086979352731885
R95C,1.580532793,1.580532793,1.580532793,1,-1.0258945825671142,-2.1069124347318846
Y91N,1.566162896,1.566162896,1.566162896,1,-0.6851241230227874,-2.1212823317318845
S204F,1.56469501,1.56469501,1.56469501,1,-0.7304794551170983,-2.122750217731885
L59H,1.557991381,1.557991381,1.557991381,1,-0.9130597871188767,-2.129453846731885
H198R,1.541464811,1.541464811,1.541464811,1,-0.9028685540495053,-2.1459804167318848
H216R,1.540820651,1.540820651,1.540820651,1,-0.9898147234434457,-2.1466245767318846
H198P,1.537835322,1.537835322,1.537835322,1,-1.1330223813854245,-2.149609905731885
V15D,1.533242512,1.533242512,1.533242512,1,-0.9484565574543009,-2.154202715731885
D81V,1.527666808,1.527666808,1.527666808,1,-0.7589944598154142,-2.159778419731885
L59P,1.525844096,1.525844096,1.525844096,1,-0.8638521284567234,-2.161601131731885
L200P,1.512310585,1.512310585,1.512310585,1,-0.9503844469073273,-2.1751346427318845
H216D,1.510938872,1.510938872,1.510938872,1,-0.8895681773547186,-2.1765063557318847
G32D,1.492187575,1.492187575,1.492187575,1,-0.8318814643410003,-2.195257652731885
L206R,1.469552672,1.469552672,1.469552672,1,-0.8126347826488765,-2.2178925557318845
L17P,1.468407856,1.468407856,1.468407856,1,-1.0424640456893244,-2.2190373717318845
H168R,1.464886938,1.464886938,1.464886938,1,-0.9425577142334012,-2.222558289731885
F99S,1.457782662,1.457782662,1.457782662,1,-0.9589725698364523,-2.2296625657318847
L124R,1.453403911,1.453403911,1.453403911,1,-1.0551505878484824,-2.2340413167318847
Q182L,1.44235696,1.44235696,1.44235696,1,-1.012874346206192,-2.2450882677318846
S29P,1.440482731,1.440482731,1.440482731,1,-0.9649077579514744,-2.246962496731885
Q93R,1.422228233,1.422228233,1.422228233,1,-0.8996301206664117,-2.265216994731885
G66C,1.416921131,1.416921131,1.416921131,1,-0.5926479834605811,-2.2705240967318847
R108P,1.416784607,1.416784607,1.416784607,1,-0.9476463154325544,-2.270660620731885
L17Q,1.414353759,1.414353759,1.414353759,1,-0.9212569311316074,-2.273091468731885
C69R,1.401153624,1.401153624,1.401153624,1,-0.9336292073262592,-2.286291603731885
T61I,1.394939823,1.394939823,1.394939823,1,-0.8756117573217773,-2.2925054047318847
H180R,1.388484238,1.388484238,1.388484238,1,-1.0047147491238062,-2.298960989731885
Q182R,1.385601557,1.385601557,1.385601557,1,-0.9037224315708496,-2.301843670731885
L63P,1.377463804,1.377463804,1.377463804,1,-0.8898219745612407,-2.3099814237318848
G90S,1.363703573,1.363703573,1.363703573,1,-0.9023070151614128,-2.3237416547318848
L14P,1.354910669,1.354910669,1.354910669,1,-0.938680407776782,-2.3325345587318846
G30V,1.354189043,1.354189043,1.354189043,1,-0.8415198644045222,-2.3332561847318845
V111E,1.343387413,1.343387413,1.343387413,1,-0.8305268483046675,-2.344057814731885
V60E,1.309476439,1.309476439,1.309476439,1,-1.0687896767647516,-2.3779687887318848
L124Q,1.306520285,1.306520285,1.306520285,1,-0.7457091707077512,-2.380924942731885
S64P,1.304924208,1.304924208,1.304924208,1,-1.081733757858572,-2.3825210197318847
L219P,1.304706482,1.304706482,1.304706482,1,-0.8635171053953641,-2.382738745731885
L124P,1.304080347,1.304080347,1.304080347,1,-0.964669676250177,-2.383364880731885
I97F,1.303745294,1.303745294,1.303745294,1,-0.9568485669950958,-2.3836999337318847
F129S,1.302131469,1.302131469,1.302131469,1,-0.9672100177069626,-2.3853137587318844
G66V,1.301547057,1.301547057,1.301547057,1,-0.8652071633942919,-2.3858981707318847
E212K,1.301474542,1.301474542,1.301474542,1,-0.7814012647674707,-2.385970685731885
V28E,1.301330574,1.301330574,1.301330574,1,-0.7652253890348755,-2.3861146537318847
W56R,1.301328515,1.301328515,1.301328515,1,-0.9488108614137186,-2.3861167127318845
G126D,1.301308316,1.301308316,1.301308316,1,-0.9034223533487866,-2.3861369117318847
V21E,1.301170793,1.301170793,1.301170793,1,-0.7780392238423596,-2.3862744347318845
I122F,1.301078492,1.301078492,1.301078492,1,-0.7517502037157637,-2.386366735731885
Q183P,1.301065186,1.301065186,1.301065186,1,-0.7429924554266512,-2.3863800417318846
R95H,1.301064989,1.301064989,1.301064989,1,-0.9842466044664451,-2.386380238731885
F26S,1.301063182,1.301063182,1.301063182,1,-0.9658848323829216,-2.3863820457318847
L200R,1.301061815,1.301061815,1.301061815,1,-0.7181063186329182,-2.3863834127318846
Y65N,1.30103081,1.30103081,1.30103081,1,-1.075464524037906,-2.386414417731885
G90A,1.301030776,1.301030776,1.301030776,1,-0.9108850200016549,-2.386414451731885
G39D,1.301030748,1.301030748,1.301030748,1,-0.7133015528904392,-2.3864144797318847
V21G,1.301030736,1.301030736,1.301030736,1,-0.8939660995634944,-2.386414491731885
T58P,1.301030698,1.301030698,1.301030698,1,-0.9811297479289536,-2.386414529731885
R95P,1.301030664,1.301030664,1.301030664,1,-0.893400367271417,-2.3864145637318845
Y65C,1.30103051,1.30103051,1.30103051,1,-0.9714608004219046,-2.386414717731885
G19D,1.301030339,1.301030339,1.301030339,1,-0.8916569680905324,-2.386414888731885
G32S,1.301030041,1.301030041,1.301030041,1,-1.0134685414580131,-2.3864151867318846
V54G,1.30103003,1.30103003,1.30103003,1,-1.0008114472789826,-2.3864151977318846
L43P,1.301030021,1.301030021,1.301030021,1,-0.94939103600712,-2.3864152067318845
G34D,1.30103002,1.30103002,1.30103002,1,-0.8538593634378574,-2.3864152077318845
H216L,1.301030016,1.301030016,1.301030016,1,-0.940038174059268,-2.386415211731885
A109D,1.301030004,1.301030004,1.301030004,1,-1.024459433038892,-2.386415223731885
H168P,1.301029999,1.301029999,1.301029999,1,-0.9865106507836336,-2.3864152287318845
G32R,1.301029998,1.301029998,1.301029998,1,-0.885167584475946,-2.3864152297318846
L43R,1.301029995,1.301029995,1.301029995,1,-1.0058477375402233,-2.386415232731885
H216P,1.301029991,1.301029991,1.301029991,1,-0.8393779101783314,-2.3864152367318847
G66S,1.301029987,1.301029987,1.301029987,1,-1.086343784142281,-2.3864152407318846
S71R,1.301029963,1.301029963,1.301029963,1,-0.9932860575695532,-2.386415264731885
L52Q,1.301029927,1.301029927,1.301029927,1,-0.8658968956319013,-2.3864153007318847
M87K,1.301029853,1.301029853,1.301029853,1,-0.8900609281221599,-2.386415374731885
L17R,1.301029113,1.301029113,1.301029113,1,-0.8677575834724632,-2.386416114731885
G66D,1.300840972,1.300840972,1.300840972,1,-1.211358590688478,-2.3866042557318847
Y65F,1.298940928,1.298940928,1.298940928,1,-1.1311236247533651,-2.388504299731885
